Index,Condo Name,Address
1,1 CANBERRA,"7 Canberra Drive, 768069"
2,1 KIM KEAT CLOSE,"1 Kim Keat Close, 328913"
3,1 LOFT,"1 Lorong 24 Geylang, 398614"
4,1 MOULMEIN RISE,"1 Moulmein Rise, 308143"
5,1 SUITES,"1 Lorong 20 Geylang, 398721"
6,10 SHELFORD,"10 Shelford Road, 288353"
7,104 JALAN JURONG KECHIL,"104 Jalan Jurong Kechil, 598603"
8,11 AMBER ROAD,"11 Amber Road, 439857"
9,111 EMERALD HILL,"111 Emerald Hill Road, 229391"
10,15 EASTWOOD GREEN,"15 Eastwood Green, 48642"
11,16 @ AMBER,"16 Amber Road, 439866"
12,18 WOODSVILLE,"18 Woodsville Close, 357799"
13,183 LONGHAUS,"183 Upper Thomson Road, 574429"
14,2 BELMONT,"2 Belmont Road, 269854"
15,2 RVG,"2 River Valley Grove, 238405"
16,21 RICHARDS,"21 Richards Avenue, 54643"
17,23 RAMBUTAN ROAD,"23 Rambutan Road, 424301"
18,24 ONE RESIDENCES,"241 Pasir Panjang Road, 118596"
19,26 NEWTON,"26 Newton Road, 307957"
20,27 BALMORAL PARK,"27 Balmoral Park, 259855"
21,28 GILSTEAD ROAD,"28 Gilstead Road, 309072"
22,28 IMPERIAL RESIDENCES,"28 Lorong 26 Geylang, 398495"
23,28 RC SUITES,"28 Race Course Lane, 218746"
24,3 @ PHILLIPS,"3 Phillips Avenue, 54692"
25,3 @ SANDILANDS,"3 Sandilands Road, 546066"
26,3 ORCHARD BY-THE-PARK,"3 Orchard Boulevard, 248653"
27,33 RESIDENCES,"33 Lorong 30 Geylang, 398366"
28,336 RIVER VALLEY,"336 River Valley Road, 238366"
29,368 THOMSON,"368 Thomson Road, 298127"
30,38 AMBER,"38 Amber Road, 439877"
31,38 DRAYCOTT DRIVE,"38 Draycott Drive, 259428"
32,38 I SUITES,"38 Ipoh Lane, 438646"
33,38 STEVENS ROAD,"38 Stevens Road, 257845"
34,381 PASIR PANJANG ROAD,"381 Pasir Panjang Road, 118713"
35,448 @ EAST COAST,"448 East Coast Road, 429021"
36,57 @ KOVAN,"57 Kovan Road, 548147"
37,57 KILLINEY ROAD,"57 Killiney Road, 23952"
38,6 DERBYSHIRE,"6 Derbyshire Road, 309462"
39,6 UPPER EAST COAST ROAD,"6 Upper East Coast Road, 4552"
40,62 CHANGI ROAD,"62 Changi Road, 419713"
41,7 ON CHAPEL,"7 Chapel Road, 42951"
42,70@TRURO,"70 Truro Road, 217618"
43,71 WEST COAST HIGHWAY,"71 West Coast Highway, 126844"
44,72 GRANGE ROAD,"72 Grange Road, 249576"
45,8 @ WOODLEIGH,"2 Woodleigh Close, 3579"
46,8 BASSEIN,"8 Bassein Road, 309838"
47,8 EDEN GROVE,"8 Eden Grove, 53906"
48,8 FARRER SUITES,"8 Sing Joo Walk, 21782"
49,8 HULLET,"8 Hullet Road, 22916"
50,8 NAPIER,"8 Napier Road, 258502"
51,8 NASSIM HILL,"8 Nassim Hill, 258484"
52,8 ORANGE GROVE ROAD,"8 Orange Grove Road, 258342"
53,8 RAJA,"8 Jalan Raja Udang, 329217"
54,8 SAINT THOMAS,"10 Saint Thomas Walk, 238102"
55,833 M B RESIDENCES,"833 Mountbatten Road, 437826"
56,8M RESIDENCES,"8 Margate Road, 438049"
57,90 HOLLAND ROAD,"90 Holland Road, 278535"
58,91 MARSHALL,"91 Marshall Road, 424887"
59,AALTO,"191 Meyer Road, 43798"
60,ADAM GREEN,"7 Adam Road, 289885"
61,ADANA @ THOMSON,"8 Old Upper Thomson Road, 573868"
62,ADORA GREEN,"134 Yishun Ave 11, 761348"
63,ADRIA,"12 Derbyshire Road, 309466"
64,AFFLUENCE COURT,"8 Ah Soo Garden, 53996"
65,AKYAB ROAD,"4 Akyab Road, 309974"
66,ALBA,"8 Cairnhill Rise, 229743"
67,ALESSANDREA,"31 Alexandra Road, 159967"
68,ALEX RESIDENCES,"28 Alexandra View, 158744"
69,ALEXANDRA ROAD,"141 Alexandra Road, 159922"
70,ALEXIS,"354 Alexandra Road, 159948"
71,ALLSWORTH PARK,"361 Holland Road, 278637"
72,ALOCASSIA APARTMENTS,"383 Bukit Timah Road, 259727"
73,ALPHA APARTMENTS,"98 Koon Seng Road, 427037"
74,AMANINDA,"329 Thomson Road, 307674"
75,AMARANDA GARDENS,"118 Serangoon Avenue 3, 554773"
76,AMARYLLIS VILLE,"20 Newton Road, 307953"
77,AMBER 45,"45 Amber Road, 439886"
78,AMBER PARK,"14 Amber Gardens, 43996"
79,AMBER POINT,"1 Amber Road, 439845"
80,AMBER RESIDENCES,"50 Amber Road, 439888"
81,AMBER SKYE,"8 Amber Road, 439853"
82,AMORE,"160 Punggol Central, 82016"
83,AMPAS APARTMENTS,"5 Jalan Ampas, 329506"
84,AMSTERDAM APARTMENTS,"2 Greenleaf Walk, 279225"
85,ANCHOR GARDENS,"410 Upper East Coast Road, 466486"
86,ANGULLIA PARK RESIDENCES @ ORCHARD,"5 Cuscaden Walk, 249696"
87,ANGULLIA VIEW,"29 Angullia Park, 239977"
88,APLETON VIEW,"71 Sinaran Drive, 308323"
89,AQUARINE GARDENS,"91 Upper East Coast Road, 455225"
90,AQUARIUS BY THE PARK,"1 Bedok Reservoir View, 478926"
91,AQUENE,"25 Lorong Bandang, 426341"
92,ARC AT TAMPINES,"3 Tampines Avenue 8, 529595"
93,ARCHIPELAGO,"501 Bedok Reservoir Road, 479267"
94,ARDMORE 3,"3 Ardmore Park, 25995"
95,ARDMORE II,"2 Ardmore Park, 259947"
96,ARDMORE PARK,"9 Ardmore Park, 259955"
97,ARDMORE RESIDENCE,"7 Ardmore Park, 259954"
98,ARTHUR 118,"118 Arthur Road, 439827"
99,ARTHUR MANSIONS,"125 Arthur Road, 439829"
100,ARTRA,"12 Alexandra View, 158736"
101,ASCENT @ 456,"456 Balestier Road, 329832"
102,ASCENTIA SKY,"1 Alexandra View, 158748"
103,ASPEN HEIGHTS,"261 River Valley Road, 238307"
104,ASPEN LOFT,"170 Joo Chiat Terrace, 427317"
105,ASTON LODGE,"56 Lorong 8 Geylang, 399116"
106,ASTON MANSIONS,"3 Lorong 42 Geylang, 398026"
107,ASTOR GREEN,"3 Pine Grove, 59759"
108,ASTORIA PARK,"30 Lorong Mydin, 416825"
109,ASTRID MEADOWS,"38 Coronation Road West, 269257"
110,ATHENA VILLE,"25 Lorong 29 Geylang, 388074"
111,ATRIUM RESIDENCES,"512 Geylang Road, 389468"
112,AURA 83,"83 Duku Road, 429247"
113,AURALIS,"587 East Coast Road, 423423"
114,AUSTVILLE RESIDENCES,"11 Sengkang East Avenue, 544804"
115,AVA TOWERS,"10 Ava Road, 329949"
116,AVALON,"23 Anderson Road, 259985"
117,AVENUE PARK,"140 Sixth Avenue, 276531"
118,AVILA GARDENS,"11 Flora Road, 509732"
119,AVON PARK,"1 Youngberg Terrace, 357741"
120,AXIS @ SIGLAP,"59 East Coast Terrace, 45895"
121,AZALEA PARK CONDOMINIUM,"2 Flora Road, 509725"
122,BAGNALL COURT,"811 Upper East Coast Road, 466608"
123,BALCON EAST,"482 Upper East Coast Road, 466519"
124,BALESTIER 288,"288 Balestier Road, 329731"
125,BALESTIER MANSION,"4 Ah Hood Road, 329973"
126,BALESTIER PLAZA,"400 Balestier Road, 329802"
127,BALESTIER POINT,"279 Balestier Road, 329727"
128,BALESTIER REGENCY,"4 Jalan Ampas, 329505"
129,BALLOTA PARK CONDOMINIUM,"150 Mariam Way, 507079"
130,BALMORAL 8,"8 Balmoral Road, 259792"
131,BALMORAL CONDOMINIUM,"16 Balmoral Road, 259802"
132,BALMORAL CREST,"1 Balmoral Crescent, 259882"
133,BALMORAL GATE,"33 Balmoral Road, 259811"
134,BALMORAL GREEN,"13 Balmoral Road, 259799"
135,BALMORAL HEIGHTS,"8 Balmoral Crescent, 259928"
136,BALMORAL HILLS,"9 Balmoral Park, 259844"
137,BALMORAL LUCK,"6 Balmoral Road, 259787"
138,BALMORAL PLACE,"20 Balmoral Crescent, 259917"
139,BALMORAL POINT,"23 Balmoral Road, 259806"
140,BALMORAL RESIDENCES,"12 Balmoral Crescent, 259905"
141,BALMORAL TOWER,"27 Balmoral Road, 259808"
142,BALMY COURT,"6 Lorong 27a Geylang, 388105"
143,BANYAN CONDOMINIUM,"1 Chwee Chian Road, 119744"
144,BAODE BUILDING,"8 Lorong 35 Geylang, 38794"
145,BARTLEY RESIDENCES,"1 Lorong How Sun, 536558"
146,BARTLEY RIDGE,"30 Mount Vernon Road, 368055"
147,BARTLEY VUE,"6 Jalan Bunga Rampai, 53831"
148,BASSEIN COURT,"5 Bassein Road, 309836"
149,BASSEIN ROAD,"1 Bassein Road, 309834"
150,BAYOU RESIDENCE,"349 Upper Paya Lebar Road, 534957"
151,BAYSHORE PARK,"50 Bayshore Road, 469977"
152,BAYVILLE CONDOMINIUM,"42 South Buona Vista Road, 118166"
153,BAYWATER,"808 Bedok Reservoir Road, 47924"
154,BEACON HEIGHTS,"8 Mar Thoma Road, 328689"
155,BEATTY ROAD,"1 Beatty Road, 209943"
156,BEAUFORT ON NASSIM,"12 Nassim Road, 25838"
157,BEAVERTON COURT,"45 Mount Sinai Rise, 276958"
158,BEDOK COURT,"295 Bedok South Avenue 3, 469296"
159,BEDOK RESIDENCES,"16 Bedok North Drive, 465494"
160,BELLA CASITA,"7 Ipoh Lane, 43861"
161,BELLA VISTA,"3 Sommerville Road, 358227"
162,BELLE VUE RESIDENCES,"15 Oxley Walk, 23859"
163,BELLERIVE,"9 Keng Chin Road, 258711"
164,BELLEWATERS,"11 Anchorvale Crescent, 544649"
165,BELLEWOODS,"100 Woodlands Avenue 5, 73901"
166,BELLEZZA @ KATONG,"46 Ceylon Road, 429634"
167,BELMOND GREEN,"13 Balmoral Road, 259799"
168,BELMONDO VIEW,"20 Pegu Road, 328369"
169,BELYSA,"55 Pasir Ris Drive 1, 51953"
170,BENDIGO GARDENS,"115 Koon Seng Road, 427048"
171,BERKELEY RESIDENCES,"11 Lorong N Telok Kurau, 425141"
172,BEVERLY HILL,"61 Grange Road, 24957"
173,BIJOU,"2 Jalan Mat Jambol, 119554"
174,BIRCHWOOD MANSIONS,"3 Jalan Ampas, 329504"
175,BIRMINGHAM MANSIONS,"130 Thomson Road, 307682"
176,BISHAN 8,"61 Bishan Street 21, 574044"
177,BISHAN LOFT,"31 Bishan Street 11, 579819"
178,BISHAN POINT,"61 Bright Hill Drive, 579653"
179,BISHOPSGATE RESIDENCES,"1 Bishopsgate, 247676"
180,BLEU @ EAST COAST,"560 Upper East Coast Road, 46658"
181,BLISS LOFT,"25 Kim Keat Close, 328933"
182,BLISS REGALIA,"80 Sing Avenue, 21792"
183,BLISS RESIDENCES,"17 Jalan Masjid, 418942"
184,BLOSSOM MANSIONS,"5 Lorong 37 Geylang, 387903"
185,BLOSSOM RESIDENCES,"30 Segar Road, 677721"
186,BLOSSOM VIEW,"31 Lorong 26 Geylang, 398498"
187,BLOSSOMS @ WOODLEIGH,"10 Woodleigh Close, 357905"
188,BLU CORAL,"127 Lorong L Telok Kurau, 425562"
189,BLUE HORIZON,"21 West Coast Crescent, 128045"
190,BLUWATERS 2,"205 Jalan Loyang Besar, 509456"
191,BOATHOUSE RESIDENCES,"33 Upper Serangoon View, 534042"
192,BOON COURT,"155 Still Road, 423992"
193,BOON TECK APARTMENTS,"42 Boon Teck Road, 329609"
194,BOON TECK LODGE,"46 Boon Teck Road, 32961"
195,BOON TECK TOWER,"41 Boon Teck Road, 329608"
196,BOONVIEW,"1 Marymount Terrace, 574036"
197,BOTANIC GARDENS MANSION,"2 Taman Serasi, 257718"
198,BOTANIC GARDENS VIEW,"1 Taman Serasi, 257717"
199,BOTANIKA,"50 Holland Road, 258853"
200,BOTANIQUE AT BARTLEY,"239 Upper Paya Lebar Road, 533866"
201,BOTANNIA,"29 West Coast Park, 127647"
202,BOUGAINVILLA APARTMENTS,"10 Lorong 19 Geylang, 388492"
203,BOULEVARD VUE,"11 Cuscaden Walk, 249697"
204,BOWMONT CENTRE,"20 Siglap Drive, 456192"
205,BRADDELL PARK,"58 Jalan Lateh, 359136"
206,BREEZE BY THE EAST,"316 Upper East Coast Road, 46552"
207,BREEZY MANSIONS,"15 Sandilands Road, 546079"
208,BRIGHTON VIEW,"23 Brighton Avenue, 559258"
209,BRISTOL LODGE,"53 Bristol Road, 219855"
210,BRISTOL ROAD,"20 Bristol Road, 219846"
211,BUCKLEY 18,"18 Buckley Road, 309776"
212,BUCKLEY RESIDENCE,"6 Buckley Road, 309762"
213,BUKIT REGENCY,"1 Upper Bukit Timah View, 588132"
214,BUKIT TIMAH MANSION,"327 Bukit Timah Road, 259715"
215,BULLION PARK,"160 Lentor Loop, 789094"
216,BUONA LODGE,"1 Zehnder Road, 117686"
217,BUONA VISTA GARDENS,"2 Zehnder Road, 117687"
218,BUTTERWORTH 33,"33 Butterworth Lane, 439442"
219,BUTTERWORTH VIEW,"21 Butterworth Lane, 439431"
220,CADENCE LIGHT,"199 Telok Kurau Road, 423833"
221,CAIRNHILL ASTORIA,"6 Cairnhill Rise, 229741"
222,CAIRNHILL CREST,"2 Cairnhill Circle, 229811"
223,CAIRNHILL HEIGHTS,"16 Cairnhill Rise, 229744"
224,CAIRNHILL PLAZA,"53 Cairnhill Road, 229664"
225,CAIRNHILL RESIDENCES,"31 Cairnhill Circle, 229774"
226,CALARASI,"31 Kim Keat Lane, 328882"
227,CALIN MANSIONS,"30 Lorong 33 Geylang, 387987"
228,CALLIDORA VILLE,"19 Lorong N Telok Kurau, 425145"
229,CAMBIO SUITES,"28 Lim Tua Tow Road, 547791"
230,CAMELLIA LODGE,"31 Lorong 31 Geylang, 38803"
231,CAMELODGE,"112 Upper East Coast Road, 455006"
232,CANARY VILLE,"138 Lorong J Telok Kurau, 423484"
233,CANBERLIN APARTMENTS,"60 Lorong 16 Geylang, 398887"
234,CANBERLIN LODGE,"69 Lorong 6 Geylang, 399221"
235,CANBERRA RESIDENCES,"501 Canberra Drive, 768124"
236,CANDEVILLE,"37 Lorong M Telok Kurau, 425316"
237,CANNAVILLE,"34 Duku Road, 429192"
238,CANNE LODGE,"75 Lorong 3 Geylang, 388869"
239,CANNINGHILL PIERS,"1 Clarke Quay, 179882"
240,CANTIZ @ RAMBAI,"21 Rambai Road, 42434"
241,CAPE ROYALE,"11 Cove Way, 98202"
242,CARABELLE,"51 West Coast Way, 127015"
243,CARDIFF RESIDENCE,"101 Cardiff Grove, 558961"
244,CARIBBEAN AT KEPPEL BAY,"46 Keppel Bay Drive, 98635"
245,CARISSA PARK CONDOMINIUM,"2 Flora Drive, 507025"
246,CARLISLE COURT,"35 Carlisle Road, 219599"
247,CARLYX GREEN,"41 Carlisle Road, 219606"
248,CARLYX RESIDENCE,"39 Carlisle Road, 219604"
249,CARMI MANSIONS,"38 Lorong 33 Geylang, 387991"
250,CARPMAEL THIRTY-EIGHT,"38 Carpmael Road, 429781"
251,CASA AERATA,"9 Lorong 26 Geylang, 398484"
252,CASA AL MARE,"75 Jalan Loyang Besar, 50693"
253,CASA AROMA,"21 Chiku Road, 429433"
254,CASA CAIRNHILL,"1 Peck Hay Road, 228305"
255,CASA CAMBIO,"9 Lim Tua Tow Road, 547726"
256,CASA CONTENDERE,"39 Gilstead Road, 309083"
257,CASA EMERALD,"51 Lorong 32 Geylang, 398311"
258,CASA ESPANIA,"17 Gambir Walk, 538977"
259,CASA ESPERANZA,"995 Bukit Timah Road, 589632"
260,CASA FELIZ,"81 Koon Seng Road, 427024"
261,CASA FIDELIO,"114 Fidelio Street, 458482"
262,CASA FLORA,"21 Salam Walk, 467169"
263,CASA FORTUNA,"36 Ah Hood Road, 32998"
264,CASA IRRAWADDY,"61 Irrawaddy Road, 329557"
265,CASA JERVOIS,"99 Jervois Road, 249055"
266,CASA MELWANI,"7 Surrey Road, 307746"
267,CASA MERAH,"50 Tanah Merah Kechil Avenue, 465524"
268,CASA MEYA,"25 Meyappa Chettiar Road, 358464"
269,CASA NOVACREST,"17 Peck Hay Road, 228313"
270,CASA PASIR RIS,"201 Jalan Loyang Besar, 509506"
271,CASA RIVIERA,"19 Lim Tua Tow Road, 547766"
272,CASA ROSA,"35 Lorong Ong Lye, 536443"
273,CASA SARINA,"101 Lorong Sarina, 416729"
274,CASA UNO,"1 Stevens Close, 257939"
275,CASABELLA,"192 Duchess Avenue, 266323"
276,CASABLANCA,"21 Rosewood Drive, 737917"
277,CASAFINA,"211 Bedok South Avenue 1, 469336"
278,CASCADALE,"730 Upper Changi Road East, 486858"
279,CASCATA,"7 Teo Kim Eng Road, 416378"
280,CASERO @ DUNMAN,"489 Dunman Road, 439192"
281,CASHEW PARK CONDOMINIUM,"50 Cashew Road, 679633"
282,CASPIAN,"50 Lakeside Drive, 648315"
283,CASSIA EDGE,"343 Guillemard Road, 399764"
284,CASSIA VIEW,"320 Guillemard Road, 399746"
285,CASTLE GREEN,"481 Yio Chu Kang Road, 787056"
286,CASTLE LOFT,"133 Lorong K Telok Kurau, 42577"
287,CAVAN ROAD,"1 Cavan Road, 209842"
288,CAVENAGH COURT,"151 Cavenagh Road, 229628"
289,CAVENAGH GARDENS,"69 Cavenagh Road, 229622"
290,CAVENAGH HOUSE,"100 Clemenceau Avenue North, 229491"
291,CAVENAGH LODGE,"81 Cavenagh Road, 229626"
292,CAVENDISH PARK,"16 Pine Grove, 597593"
293,CELADON VIEW,"45 Jalan Loyang Besar, 507029"
294,CELESTIA,"160 Joo Chiat Terrace, 427305"
295,CENTRA HEIGHTS,"455 Sims Avenue, 387607"
296,CENTRA LOFT,"3 Lorong 35 Geylang, 387935"
297,CENTRA RESIDENCE,"8 Lorong 7 Geylang, 388792"
298,CENTRA STUDIOS,"25 Lorong 25 Geylang, 388302"
299,CENTRA SUITES,"38 Lorong 25a Geylang, 388242"
300,CENTRAL GREEN CONDOMINIUM,"1 Jalan Membina, 169479"
301,CENTRAL GROVE,"1 Geylang East Avenue 1, 389778"
302,CENTRAL IMPERIAL,"3 Lorong 14 Geylang, 398915"
303,CENTRAL MEADOWS,"51 Lorong 34 Geylang, 39824"
304,CENTRAL VIEW,"50 Hougang Street 11, 538749"
305,CENTRINA,"11 Everitt Road North, 428524"
306,CENTRO MANSIONS,"20 Lorong 32 Geylang, 39828"
307,CENTRO RESIDENCES,"59 Ang Mo Kio Avenue 8, 567752"
308,CEYLON CREST,"30 Ceylon Road, 429623"
309,CEYLON POINT,"94 Ceylon Road, 429674"
310,CEYLON RESIDENCE,"107 Ceylon Road, 42969"
311,CHANCERY ESQUIRE,"8 Chancery Lane, 309494"
312,CHANCERY PARK,"9 Chancery Lane, 309499"
313,CHANGI COURT,"698 Upper Changi Road East, 486828"
314,CHANGI GARDEN,"961 Upper Changi Road North, 507663"
315,CHANGI GREEN,"712 Upper Changi Road East, 486842"
316,CHANTILLY RISE,"80 Hillview Avenue, 669579"
317,CHAPEL COURT,"27 Sea Avenue, 424247"
318,CHAPEL LODGE,"41 Lorong Stangee, 425032"
319,CHARISMA VIEW,"167 Jalan Jurong Kechil, 598671"
320,CHARLESTON,"10 Shanghai Road, 248184"
321,CHARLTON CORNER,"1 Charlton Lane, 539631"
322,CHARMING GARDEN,"138 King's Road, 268156"
323,CHATEAU LE FAME,"51 Ewe Boon Road, 259345"
324,CHELSEA GARDENS,"6 Walshe Road, 25765"
325,CHELSEA LODGE,"300 Tanjong Katong Road, 437083"
326,CHEN FANG MANSIONS,"26 Lorong 33 Geylang, 387986"
327,CHERRY GARDENS,"61 Lorong Lew Lian, 536491"
328,CHERRYHILL,"21 Lorong Lew Lian, 536467"
329,CHESTERVALE,"31 Bangkit Road, 679973"
330,CHESTNUT-VILLE,"2 Jalan Pakis, 678595"
331,CHIKU MANSIONS,"5 Chiku Road, 429419"
332,CHIVERTON,"50 Ewe Boon Road, 259343"
333,CHNG MANSIONS,"120 Arthur Road, 439828"
334,CHOON KIM HOUSE,"780 Upper Serangoon Road, 534649"
335,CHOON MOEY MANSIONS,"36 Lorong 31 Geylang, 388034"
336,CHUAN GREEN,"76 Chuan Drive, 554823"
337,CHUAN LOFT,"60 Chuan Drive, 554611"
338,CHUAN PARK,"240 Lorong Chuan, 556743"
339,CHUAN SEVEN,"18 Chuan Drive, 554865"
340,CHUNG CHIN FLATS,"344 East Coast Road, 428963"
341,CITIGATE RESIDENCE,"168 Rangoon Road, 218437"
342,CITY EDGE,"14 Moulmein Rise, 308129"
343,CITY GATE,"371 Beach Road, 199597"
344,CITY LOFT,"363 Race Course Road, 218636"
345,CITY REGENCY,"18 Saint Michael's Road, 327977"
346,CITY SQUARE RESIDENCES,"14 Kitchener Link, 207223"
347,CITY SUITES,"235 Balestier Road, 329699"
348,CITYLIFE @ TAMPINES,"69 Tampines Central 7, 528596"
349,CITYLIFE@TAMPINES,"57 Tampines Central 7, 528593"
350,CITYLIGHTS,"82 Jellicoe Road, 208741"
351,CITYSCAPE @ FARRER PARK,"101 Mergui Road, 219067"
352,CITYVISTA RESIDENCES,"21 Peck Hay Road, 228314"
353,CLAREMONT,"161 Killiney Road, 239569"
354,CLEMENTI PARK,"115 Sunset Way, 597149"
355,CLEMENTIWOODS CONDOMINIUM,"90 West Coast Road, 12681"
356,CLIFTEN,"48 Ewe Boon Road, 259342"
357,CLIVEDEN AT GRANGE,"100 Grange Road, 249591"
358,CLOVER PARK,"12 Jalan Binchang, 574037"
359,CLUNY PARK RESIDENCE,"99 Cluny Park Road, 257496"
360,CLYDES RESIDENCE,"78 Mergui Road, 219054"
361,COASTAL BREEZE RESIDENCES,"8 Loyang Besar Close, 509049"
362,COASTAL VIEW RESIDENCES,"179 Jalan Loyang Besar, 506926"
363,COASTARINA,"510 East Coast Road, 459135"
364,COCO PALMS,"21 Pasir Ris Grove, 51807"
365,COMMONWEALTH TOWERS,"230 Commonwealth Avenue, 149739"
366,COMPASS HEIGHTS,"9 Sengkang Square, 545075"
367,CORALIS,"530 Joo Chiat Road, 42771"
368,CORALS AT KEPPEL BAY,"1 Keppel Bay Drive, 98012"
369,CORONA VILLE,"35 Jalan Haji Alias, 268535"
370,CORONATION ARCADE,"5 Coronation Road, 269406"
371,CORONATION GROVE,"138 Coronation Road, 269525"
372,CORONATION SHOPPING PLAZA,"587 Bukit Timah Road, 269707"
373,COSMO,"18 Guillemard Crescent, 399914"
374,COSTA DEL SOL,"68 Bayshore Road, 469986"
375,COSTA ESTE,"42 Lorong K Telok Kurau, 425653"
376,COSY 23,"23 Lorong 30 Geylang, 398355"
377,COSY LODGE,"29 Lorong 31 Geylang, 388029"
378,COTE D'AZUR,"60 Marine Parade Road, 449297"
379,COUNTRY ESQUIRE,"20 Lorong Puntong, 576438"
380,COUNTRY GRANDEUR,"22 Lorong Puntong, 576439"
381,COUNTRY PARK CONDO,"37 Bedok Road, 469362"
382,COUNTRY PARK CONDOMINIUM,"37 Bedok Road, 46936"
383,CRADELS,"10 Lorong Limau, 328754"
384,CRAIG PLACE,"20 Craig Road, 89692"
385,CRANE COURT,"38 Crane Road, 429381"
386,CRESCENDO BUILDING,"17 Upper East Coast Road, 455208"
387,CRESCENDO PARK,"6 Jalan Tua Kong, 457269"
388,CROWN CENTRE,"557 Bukit Timah Road, 269694"
389,CRYSTAL COURT,"456 River Valley Road, 248342"
390,CRYSTAL DE AZURE,"18 How Sun Close, 538645"
391,CRYSTAL DEW,"10 Geylang East Avenue 1, 389781"
392,CRYSTAL HEIGHTS,"75 Pasir Panjang Hill, 118885"
393,CRYSTAL LODGE,"30 Lorong 16 Geylang, 39887"
394,CRYSTAL MANSIONS,"3 Lorong 6 Geylang, 399165"
395,CUBE 8,"376 Thomson Road, 29813"
396,CUBIK,"81 Lorong K Telok Kurau, 425711"
397,CYAN,"6 Keng Chin Road, 258709"
398,D - HERITAGE APARTMENTS,"43 Lengkong Empat, 417659"
399,D' PALMA,"18 Lorong Mydin, 416817"
400,D'CHATEAU @ SHELFORD,"25 Shelford Road, 288415"
401,D'ECOSIA,"27 Still Road South, 423936"
402,D'HIRO @ HILLSIDE,"61 Hillside Drive, 54901"
403,D'LEEDON,"13 Leedon Heights, 266224"
404,D'LOTUS,"10 Lorong Ampas, 328784"
405,D'MIRA,"31 Boon Teck Road, 329602"
406,D'NEST,"131 Pasir Ris Grove, 51813"
407,D'OASIA,"11 Lorong Melayu, 416905"
408,D'PAVILION,"803 Upper Serangoon Road, 534163"
409,D'SUNRISE,"8 Joo Chiat Lane, 428094"
410,D'WEAVE,"5 Lorong 39 Geylang, 387866"
411,D'ZIRE,"12 Robey Crescent, 54629"
412,DAHLIA PARK CONDOMINIUM,"1 Flora Drive, 507009"
413,DAISY LODGE,"3 Daisy Road, 359426"
414,DAISY SUITES,"35 Daisy Road, 359455"
415,DAKOTA RESIDENCES,"34 Dakota Crescent, 399936"
416,DALVEY COURT,"28 Dalvey Estate, 259548"
417,DARBY PARK,"12 Orange Grove Road, 258353"
418,DAWN VILLE,"1 Butterworth Lane, 439444"
419,DE LENTE,"104 Holland Road, 278547"
420,DE PARADISO,"20 Martaban Road, 328644"
421,DE ROYALE,"31 Jalan Rama Rama, 329111"
422,DELIGHT COURT,"16 Lorong 33 Geylang, 387982"
423,DENG FU VILLE,"30 Kampong Eunos, 417777"
424,DERBYSHIRE HEIGHTS,"3 Derbyshire Road, 309459"
425,DEVONSHIRE APARTMENTS,"17 Devonshire Road, 239849"
426,DEVONSHIRE RESIDENCES,"55 Devonshire Road, 239855"
427,DLV,"70 Dalvey Road, 259469"
428,DOMAIN 21,"21 Delta Road, 169813"
429,DOMUS,"8 Irrawaddy Road, 329564"
430,DONG XING COURT,"3 Tay Lian Teck Road, 45562"
431,DORMER PARK,"51 Jervois Road, 249045"
432,DORSET MANSIONS,"99 Dorset Road, 219493"
433,DORSETT RESIDENCES,"331 New Bridge Road, 88764"
434,DOVER PARKVIEW,"34 Dover Rise, 138681"
435,DRAYCOTT DRIVE,"7 Draycott Drive, 259421"
436,DRAYCOTT PARK,"1 Draycott Park, 259385"
437,DUBLIN LODGE,"28 Dublin Road, 239813"
438,DUCHESS MANOR,"20 Duchess Road, 268988"
439,DUCHESS RESIDENCES,"102 Duchess Avenue, 26631"
440,DUCHESS ROAD,"3 Duchess Road, 268978"
441,DUCHESS ROYALE,"32 Duchess Avenue, 269105"
442,DUCHESS WALK,"6 Duchess Walk, 268933"
443,DUET,"78 Holland Road, 258873"
444,DUKES RESIDENCE,"25 Duke's Road, 268906"
445,DUKU APARTMENTS,"75 Duku Road, 429237"
446,DUKU COURT,"71 Duku Road, 429233"
447,DUNEARN COURT,"386 Dunearn Road, 289599"
448,DUNEARN LODGE,"408 Dunearn Road, 289674"
449,DUNEARN SUITES,"404 Dunearn Road, 289609"
450,DUNMAN PLACE,"515 Dunman Road, 439204"
451,DUNMAN REGENCY,"485 Dunman Road, 43919"
452,DUNMAN VIEW,"100 Haig Road, 438797"
453,DYNASTY LODGE,"265 Sixth Avenue, 276559"
454,E MAISON,"30 Braddell Road, 359946"
455,E-SPACE,"135 Lorong K Telok Kurau, 425774"
456,E7 LODGE,"66 Lorong Melayu, 416953"
457,EAST 25 APARTMENTS,"10 Lorong 25a Geylang, 388224"
458,EAST BAY GARDENS,"87 Lorong G Telok Kurau, 426277"
459,EAST COAST MANSIONS,"615 East Coast Road, 429085"
460,EAST COAST RESIDENCES,"412 Upper East Coast Road, 466488"
461,EAST COAST VILLE,"324 Upper East Coast Road, 466455"
462,EAST COURT,"87 Koon Seng Road, 427028"
463,EAST ELEGANCE,"190 Joo Chiat Terrace, 427336"
464,EAST GALLERIA,"19 Sea Avenue, 424239"
465,EAST MEADOWS,"30 Tanah Merah Kechil Road, 465558"
466,EAST MEWS,"853 Mountbatten Road, 437838"
467,EAST PALM,"1 Palm Road, 456448"
468,EAST SHINE,"57 Lorong Melayu, 417026"
469,EAST TREASURE,"36 Lorong N Telok Kurau, 42516"
470,EAST VIEW,"10 Brooke Road, 429986"
471,EAST VIEW 18,"18 Rambutan Road, 424302"
472,EAST VILLAGE,"430 Upper Changi Road, 487048"
473,EASTBAY,"1 Tay Lian Teck Road, 455615"
474,EASTCOVE RESIDENCES,"302 Joo Chiat Place, 427982"
475,EASTERN LAGOON,"200 Upper East Coast Road, 455283"
476,EASTERN RESIDENCE,"285 Joo Chiat Place, 427966"
477,EASTPAC BUILDING,"586 Balestier Road, 329898"
478,EASTPOINT GREEN,"1 Simei Street 3, 52989"
479,EASTSIDE LOFT,"150 Tanjong Katong Road, 437154"
480,EASTVALE CONDOMINIUM,"31 Pasir Ris Drive 3, 519491"
481,EASTVILLE APARTMENTS,"43 Joo Chiat Lane, 428103"
482,EASTWIND MANSIONS,"102 Joo Chiat Terrace, 427256"
483,EASTWOOD CENTRE,"20 Eastwood Road, 486442"
484,EASTWOOD LODGE,"36 Eastwood Road, 486137"
485,EASTWOOD REGENCY,"40 Eastwood Road, 486397"
486,EBER GARDENS,"1 Eber Road, 239756"
487,EBONY MANSIONS,"30 Lorong M Telok Kurau, 425312"
488,ECHELON,"7 Alexandra View, 158741"
489,ECO,"277 Bedok South Avenue 3, 465457"
490,ECO SANCTUARY,"61 Chestnut Avenue, 679522"
491,ECOPOLITAN,"136 Punggol Walk, 828699"
492,ECOVILLE,"10 Martaban Road, 328668"
493,EDELWEISS PARK CONDOMINIUM,"80 Flora Road, 506999"
494,EDEN CREST,"14 Eden Grove, 539068"
495,EDEN RESIDENCES CAPITOL,"11 Stamford Road, 178884"
496,EDEN VIEW,"6 Eden Grove, 539102"
497,EDENZ LOFT,"11 Lorong 24 Geylang, 398623"
498,EDENZ SUITES,"21 Lorong 28 Geylang, 398425"
499,EIGHT COURTYARDS,"12 Canberra Drive, 768094"
500,EIGHT RIVERSUITES,"2 Whampoa East, 338517"
501,EIS RESIDENCES,"4 Haig Avenue, 438859"
502,ELIAS GREEN,"1 Elias Green, 519959"
503,ELIZABETH HEIGHTS,"57 Cairnhill Road, 229668"
504,ELIZABETH TOWER,"12 Mount Elizabeth, 228511"
505,ELLIOT AT THE EAST COAST,"21 Elliot Road, 458703"
506,EMERALD APARTMENTS,"140 Emerald Hill Road, 229417"
507,EMERALD PARK,"4 Indus Road, 169587"
508,EMERY POINT,"18 Ipoh Lane, 438622"
509,EMPRADO SUITES,"93 Lorong N Telok Kurau, 425244"
510,ENG APARTMENTS,"25 Lorong 25a Geylang, 38823"
511,ENG AUN MANSION,"304 Thomson Road, 307654"
512,ENG HOON MANSIONS,"17 Eng Hoon Street, 169767"
513,ENG KONG GREEN,"33 Eng Kong Crescent, 599426"
514,ENVIO,"281 Joo Chiat Place, 427962"
515,EQUATORIAL APARTMENTS,"48 Meyer Road, 437872"
516,ESCADA VIEW,"53 Lengkong Empat, 417657"
517,ESPA,"10 Cashew Road, 679692"
518,ESPADA,"48 Saint Thomas Walk, 238126"
519,ESPANA,"12 Dyson Road, 309371"
520,ESPARINA RESIDENCES,"113 Compassvale Bow, 544814"
521,ESPIRA RESIDENCE,"80 Lorong K Telok Kurau, 42571"
522,ESPIRA SPRING,"59 Lorong G Telok Kurau, 426244"
523,ESTA RUBY,"500 Guillemard Road, 399839"
524,ESTELLA GARDENS,"21 Flora Road, 509738"
525,ESTERINA,"12 Haig Avenue, 438867"
526,ESTILO,"71 Wilkie Road, 228071"
527,ESTIQUE,"3 Rose Lane, 437361"
528,ETON COURT,"47 Lorong N Telok Kurau, 425171"
529,EUHABITAT,"332 Jalan Eunos, 415816"
530,EUNOS GREEN,"10 Sims Avenue East, 416558"
531,EUNOS PARK,"5 Kampong Eunos, 417771"
532,EUPHONY GARDENS,"1 Jalan Mata Ayer, 759075"
533,EURO-ASIA COURT,"3 River Valley Close, 238429"
534,EURO-ASIA PARK,"25 Woodleigh Close, 35792"
535,EVANIA,"389 Upper Paya Lebar Road, 534979"
536,EVELYN MANSIONS,"20 Evelyn Road, 309309"
537,EVER LODGE,"685 Geylang Road, 389686"
538,EVERGREEN PARK,"31 Hougang Avenue 7, 5388"
539,EVERGREEN RESIDENCES,"43 Lorong 22 Geylang, 398698"
540,EVERGREEN VIEW,"15 Lorong 36 Geylang, 39815"
541,EVERITT EDGE,"83 Joo Chiat Place, 4278"
542,EVERITT GREEN,"9 Everitt Road North, 428522"
543,EWE BOON REGENT,"31 Ewe Boon Road, 259332"
544,EXCELLENCE MANSIONS,"7 Lorong 27 Geylang, 388159"
545,FABER GARDEN CONDOMINIUM,"2 Angklong Lane, 579978"
546,FAIRLODGE,"108 Holland Road, 278551"
547,FAIRMOUNT CONDOMINIUM,"30 Eastwood Road, 486365"
548,FAMILIE MANSIONS,"65 Lorong 8 Geylang, 399125"
549,FAR HORIZON GARDENS,"1 Ang Mo Kio Avenue 9, 569758"
550,FARRER PARK SUITES,"80 Owen Road, 218896"
551,FENARA COURT,"3 Jalan Wakaff, 428233"
552,FERN LODGE,"7 Lorong 4 Geylang, 399266"
553,FERNHILL COTTAGE,"70 Fernhill Road, 259121"
554,FERNHILL COURT,"60 Fernhill Road, 259117"
555,FERNHILL RESIDENCES,"39 Fernhill Road, 259099"
556,FERNWOOD TOWERS,"22 Fernwood Terrace, 458553"
557,FERRA,"1 Leonie Hill, 239219"
558,FERRARIA PARK CONDOMINIUM,"8 Flora Drive, 506941"
559,FERRELL RESIDENCES,"327 Bukit Timah Road, 259715"
560,FIFTEEN ROBIN,"15 Robin Road, 258196"
561,FIFTH AVENUE CONDOMINIUM,"2 Fifth Avenue, 2688"
562,FIFTY-TWO STEVENS,"52 Stevens Road, 257848"
563,FINLAND GARDENS,"54 East Coast Terrace, 458949"
564,FIORENZA,"42 Florence Road, 549576"
565,FIRST POINT SUITES,"59 Lorong H Telok Kurau, 426068"
566,FLAME TREE PARK,"1 Sin Ming Avenue, 575728"
567,FLAMINGO VALLEY,"478 Siglap Road, 454852"
568,FLO RESIDENCE,"1 Punggol Field Walk, 828739"
569,FLORA EAST,"231 Joo Chiat Place, 427927"
570,FLORAVIEW,"1 Ang Mo Kio Street 66, 567705"
571,FLORAVILLE,"2 Cactus Road, 809578"
572,FLORIDIAN,"977 Bukit Timah Road, 589626"
573,FONTAINE PARRY,"67 Poh Huat Road, 546776"
574,FONTANA HEIGHTS,"39 Mount Sinai Rise, 276957"
575,FORESQUE RESIDENCES,"101 Petir Road, 678272"
576,FOREST HILLS CONDOMINIUM,"31 Transit Road, 778893"
577,FOREST WOODS,"19 Lorong Lew Lian, 533851"
578,FORESTVILLE,"48 Woodlands Drive 16, 737763"
579,FORT GARDENS,"21 Fort Road, 439089"
580,FORTE SUITES,"88 Mergui Road, 219062"
581,FORTUNE JADE,"501 Dunman Road, 439193"
582,FORTUNE PARK,"109 Tampines Road, 535131"
583,FORTUNE SPRING,"7 Palm Road, 456442"
584,FORTVILLE,"19 Fort Road, 439088"
585,FOUR SEASONS PARK,"8 Cuscaden Walk, 249692"
586,FRAGRANCE COURT,"12 Yew Siang Road, 117752"
587,FRAGRANT GARDENS,"357 Upper Paya Lebar Road, 534959"
588,FRASER SUITES,"491 River Valley Road, 248371"
589,FREESIA WOODS,"61 Sunset Way, 597086"
590,FRUITION,"3 Mangis Road, 424981"
591,FULCRUM,"33 Fort Road, 439092"
592,G RESIDENCES,"50 Lorong G Telok Kurau, 426233"
593,GAIA,"33 Jalan Dusun, 329371"
594,GALAXY TOWERS,"30 Onan Road, 424482"
595,GALLERY 8,"8 Pulasan Road, 424376"
596,GALLERY FIFTEEN,"31 Jalan Dusun, 32937"
597,GALLOP COURT,"6 Gallop Road, 258961"
598,GALLOP GABLES,"70 Farrer Road, 26885"
599,GALLOP GREEN,"13 Woollerton Park, 257534"
600,GAMBIER COURT,"60 Kim Yam Road, 239361"
601,GAMBIR RIDGE,"16 Gambir Walk, 538976"
602,GARDEN APARTMENT,"25 Orange Grove Road, 258351"
603,GARDEN PARK RESIDENCES,"25 Lorong M Telok Kurau, 42531"
604,GARDENVILLE,"10 Walshe Road, 257654"
605,GARDENVISTA,"950 Dunearn Road, 589474"
606,GEM RESIDENCES,"1 Lorong 5 Toa Payoh, 319458"
607,GEMINI APARTMENTS,"67 Jalan Tua Kong, 457263"
608,GEYLANG MANSIONS,"2 Lorong 26 Geylang, 398478"
609,GEYLANG ROAD,"20 Geylang Road, 389192"
610,GIDEON'S LODGE,"47 Joo Chiat Lane, 428105"
611,GIFFARD MANSIONS,"424 Balestier Road, 32981"
612,GILLENIA,"35 Rosyth Road, 546195"
613,GILSTEAD 38,"38 Gilstead Road, 309082"
614,GILSTEAD COURT,"50 Gilstead Road, 309094"
615,GILSTEAD MANSION,"57 Gilstead Road, 309101"
616,GILSTEAD TWO,"2 Gilstead Road, 309061"
617,GISBORNE LIGHT,"27 Ewe Boon Road, 25933"
618,GLAMOUR VILLE,"1 Lorong N Telok Kurau, 42512"
619,GLASGOW RESIDENCE,"23 Glasgow Road, 549338"
620,GLENDALE PARK,"21 Hillview Avenue, 669556"
621,GLENFIELD APARTMENTS,"291 Joo Chiat Place, 427972"
622,GLOBAL VILLE,"20 Jalan Raja Udang, 329192"
623,GLORIA MANSION,"292 Pasir Panjang Road, 118633"
624,GLOUCESTER MANSIONS,"10 Newton Road, 307947"
625,GOLD COAST CONDOMINIUM,"366 Pasir Panjang Road, 118702"
626,GOLD LEAF MANSIONS,"100 Lorong M Telok Kurau, 425403"
627,GOLD PALM MANSIONS,"139 Lorong K Telok Kurau, 425777"
628,GOLDEN HEIGHTS,"126 Serangoon Avenue 3, 556126"
629,GOLDENHILL PARK CONDOMINIUM,"60 Mei Hwan Drive, 568426"
630,GOLDHILL TOWERS,"38 Goldhill Avenue, 309021"
631,GOODVIEW APARTMENTS,"6 Lorong 8 Geylang, 399077"
632,GOODWILL COURT,"79 Upper East Coast Road, 455219"
633,GOODWOOD GARDENS,"4 Balmoral Crescent, 259889"
634,GOODWOOD GRAND,"30 Balmoral Road, 257489"
635,GOODWOOD RESIDENCE,"261 Bukit Timah Road, 259703"
636,GRACE APARTMENTS,"13 Mattar Road, 387721"
637,GRACIOUS MANSIONS,"21 Jalan Rendang, 428352"
638,GRAMERCY PARK,"57 Grange Road, 249569"
639,GRAND CHATEAU,"2 Jalan Rajawali, 598435"
640,GRAND REGALIA,"815 Upper Serangoon Road, 534676"
641,GRAND REGENCY,"9 Jalan Rajawali, 598431"
642,GRAND RESIDENCE,"54 Lorong G Telok Kurau, 426237"
643,GRANDE VISTA,"2 Cactus Drive, 809683"
644,GRANDEUR 8,"2 Ang Mo Kio Central 3, 567741"
645,GRANDEUR PARK RESIDENCES,"1 Bedok South Avenue 3, 465461"
646,GRANGE 1866,"74 Grange Road, 249578"
647,GRANGE HEIGHTS,"15 Saint Thomas Walk, 238143"
648,GRANGE INFINITE,"27 Grange Road, 2397"
649,GRANGE RESIDENCES,"91 Grange Road, 249613"
650,GRAY LANE,"2 Gray Lane, 438934"
651,GRAY MANSIONS,"10 Gray Lane, 438943"
652,GREEN COURT,"496 Geylang Road, 389454"
653,GREEN PARK,"23 Jalan Limau Kasturi, 545045"
654,GREENLANE APARTMENT,"3 Green Lane, 438898"
655,GROSVENOR VIEW,"1 Lengkong Empat, 417609"
656,GUILIN COURT,"10 Lorong 26 Geylang, 398485"
657,GUILIN MANSIONS,"8 Lorong 37 Geylang, 387906"
658,GUILIN VIEW,"20 Bukit Batok Street 52, 659244"
659,GUILLEMARD APARTMENTS,"30 Lorong 26 Geylang, 398497"
660,GUILLEMARD EDGE,"38 Lorong 30 Geylang, 398371"
661,GUILLEMARD SUITES,"213 Guillemard Road, 399733"
662,GURKHA CANTONMENT,"50 Vernon Park, 367819"
663,H2O RESIDENCES,"30 Fernvale Link, 79753"
664,HAIG 162,"162 Haig Road, 438773"
665,HAIG APARTMENTS,"185 Haig Road, 438782"
666,HAIG COURT,"152 Haig Road, 438791"
667,HAIG ELEVEN,"11 Haig Avenue, 438866"
668,HAIG LODGE,"139 Haig Road, 438768"
669,HAIG RESIDENCES,"163 Haig Road, 438774"
670,HAIG TEN,"1 Haigsville Drive, 438719"
671,HALLMARK RESIDENCES,"17 Ewe Boon Road, 259325"
672,HANSVILLE,"84 Jalan Haji Alias, 268562"
673,HAPPY MANSION,"1 Happy Avenue North, 369736"
674,HARBOUR SUITES,"522 Kampong Bahru Road, 99454"
675,HARBOUR VIEW GARDENS,"211 Pasir Panjang Road, 118574"
676,HARBOUR VIEW TOWERS,"21 Telok Blangah Drive, 109258"
677,HARBOURLIGHTS,"66 Telok Blangah Road, 9883"
678,HARVEST MANSIONS,"550 Havelock Road, 169638"
679,HAWAII TOWER,"73 Meyer Road, 437898"
680,HEDGES PARK CONDOMINIUM,"71 Flora Drive, 506881"
681,HEJI GARDENS,"73 Lorong K Telok Kurau, 425692"
682,HERITAGE APARTMENTS,"4 Ardmore Park, 25996"
683,HERITAGE EAST,"451 East Coast Road, 429024"
684,HERITAGE RESIDENCES,"101 Lorong L Telok Kurau, 425537"
685,HERITAGE VIEW,"6 Dover Rise, 138678"
686,HERON BAY,"63 Upper Serangoon View, 534014"
687,HERTFORD COLLECTION,"40 Hertford Road, 219408"
688,HERTFORD MANSION,"18 Hertford Road, 21938"
689,HIGH OAK CONDOMINIUM,"11 Toh Tuck Road, 59629"
690,HIGH PARK RESIDENCES,"27 Fernvale Road, 797415"
691,HIGH POINT,"30 Mount Elizabeth, 228519"
692,HIGHGATE,"60 Toh Tuck Road, 596723"
693,HIGHLAND CENTRE,"22 Yio Chu Kang Road, 545535"
694,HIGHLAND CONDOMINIUM,"91 Highland Road, 54917"
695,HIGHLINE RESIDENCES,"5 Kim Tian Road, 168591"
696,HIJAUAN,"63 Cavenagh Road, 229618"
697,HILBRE28,"68 Hillside Drive, 549018"
698,HILLBROOKS,"88 Hillview Avenue, 66959"
699,HILLCREST ARCADIA,"251 Arcadia Road, 289847"
700,HILLS APARTMENT,"46 Goldhill Avenue, 309029"
701,HILLS TWOONE,"21 Hillview Terrace, 669232"
702,HILLSIDE MANSIONS,"24 Hillside Drive, 548943"
703,HILLSTA,"70 Phoenix Road, 667973"
704,HILLTOP GROVE,"134 Hillview Avenue, 669619"
705,HILLTOPS,"99 Cairnhill Circle, 229808"
706,HILLVIEW 128,"128 Hillview Avenue, 669595"
707,HILLVIEW APARTMENTS,"71 Hillview Avenue, 66957"
708,HILLVIEW AVENUE,"9 Hillview Avenue, 669551"
709,HILLVIEW GREEN,"61 Hume Avenue, 598741"
710,HILLVIEW REGENCY,"26 Bukit Batok East Avenue 2, 65992"
711,HILLVIEW RESIDENCE,"138 Hillview Avenue, 669599"
712,HILLVISTA,"1 Elizabeth Drive, 669743"
713,HOCK MANSION,"1 Wilkie Terrace, 228022"
714,HOLLAND 100,"100 Holland Road, 278543"
715,HOLLAND COURT,"144 Holland Road, 278576"
716,HOLLAND GEMS,"1 Taman Nakhoda, 257742"
717,HOLLAND HILL LODGE,"5 Holland Hill, 278742"
718,HOLLAND HILL PARK,"7 Holland Hill, 278731"
719,HOLLAND MANSION,"112 Holland Road, 278555"
720,HOLLAND MEWS,"67 Holland Road, 258867"
721,HOLLAND PEAK,"23 Holland Hill, 278739"
722,HOLLAND SUITES,"129 Holland Road, 278568"
723,HOLLAND TOWER,"10 Holland Heights, 24951"
724,HOLLAND VIEW,"621 Queensway, 276747"
725,HOLLANDSWOOD COURT,"3 Holland Park, 249473"
726,HOLLYWOOD APARTMENTS,"100 Oxley Rise, 238701"
727,HOLT RESIDENCES,"5 Holt Road, 249444"
728,HOMEY GARDENS,"4 Lorong M Telok Kurau, 425283"
729,HONG BUILDING,"204 Rangoon Road, 218451"
730,HONG HENG GARDEN,"33 Sembawang Road, 779084"
731,HONG HENG MANSIONS,"54 Sembawang Road, 779085"
732,HONOLULU TOWER,"341 Bukit Timah Road, 259719"
733,HOOT KIAM MANSION,"23 Hoot Kiam Road, 249405"
734,HORIZON GARDENS,"341 Ang Mo Kio Avenue 2, 567826"
735,HORIZON RESIDENCES,"41 Pasir Panjang Hill, 118862"
736,HORIZON TOWERS,"15 Leonie Hill Road, 239194"
737,HORNE ROAD,"2 Horne Road, 209057"
738,HOUGANG AVENUE 2,"120 Hougang Avenue 2, 538858"
739,HOUGANG GREEN,"5 Buangkok Green, 539748"
740,HUA YU MANSION,"71 Lengkong Empat, 417652"
741,HULLET RISE,"6 Hullet Road, 229159"
742,HUNDRED TREES,"81 West Coast Drive, 127997"
743,ICON,"12 Gopeng Street, 78877"
744,IDYLLIC EAST,"576 Upper East Coast Road, 466588"
745,IDYLLIC RESIDENCES,"52 Lorong M Telok Kurau, 425346"
746,IDYLLIC SUITES,"21 Lorong 30 Geylang, 398353"
747,ILLUMINAIRE ON DEVONSHIRE,"65 Devonshire Road, 2399"
748,IMPERIAL HEIGHTS,"16 Ipoh Lane, 43862"
749,INOVA 100,"100 Lorong N Telok Kurau, 425252"
750,INTERO,"8 Leicester Road, 358841"
751,INZ RESIDENCE,"60 Choa Chu Kang Avenue 5, 688191"
752,IRESIDENCES,"20 Irrawaddy Road, 32955"
753,IRIDIUM,"11 Lincoln Road, 308349"
754,ISUITES @ MARSHALL,"99 Marshall Road, 424894"
755,ISUITES @ PALM,"24 Glasgow Road, 54934"
756,ISUITES @ TANI,"2 Jalan Tani, 54854"
757,IVORY,"15 Ceylon Lane, 423468"
758,IVORY APARTMENTS,"563 East Coast Road, 429079"
759,IVORY HEIGHTS,"117 Jurong East Street 13, 600117"
760,J C DRAYCOTT,"34 Draycott Drive, 259426"
761,J GATEWAY,"2 Gateway Drive, 608533"
762,JADE GARDEN,"22 Robin Road, 258201"
763,JADE MANSION,"10 Leedon Road, 267833"
764,JADE RESIDENCES,"1 Lew Lian Vale, 537016"
765,JADESCAPE,"2 Shunfu Road, 575742"
766,JALAN DATOH,"1 Jalan Datoh, 329408"
767,JALAN DUSUN,"3 Jalan Dusun, 329364"
768,JANSEN 28,"28 Jansen Road, 548431"
769,JANSEN MANSIONS,"25 Jansen Road, 548429"
770,JAYA TOWER,"431 Bukit Timah Road, 259738"
771,JC COURT,"150 Joo Chiat Road, 427428"
772,JC RESIDENCE,"3 Joo Chiat Lane, 428129"
773,JC VILLE,"199 Joo Chiat Place, 427907"
774,JERSEY LODGE,"150 Lorong J Telok Kurau, 423491"
775,JERVOIS COURT,"101 Jervois Road, 249058"
776,JERVOIS GROVE,"100 Jervois Road, 249056"
777,JERVOIS LODGE,"32 Jervois Road, 249015"
778,JERVOIS MANSIONS,"18 Jervois Road, 249001"
779,JERVOIS MEADOWS,"107 Jervois Road, 249063"
780,JERVOIS REGENCY,"49 Jervois Road, 249081"
781,JERVOIS VIEW,"21 Jervois Road, 249004"
782,JEWEL @ BUANGKOK,"83 Compassvale Bow, 544684"
783,JIA,"65 Wilkie Road, 228068"
784,JING SUITES,"275 Changi Road, 419755"
785,JK BUILDING,"50 Jalan Jurong Kechil, 598578"
786,JLB RESIDENCES,"169 Jalan Loyang Besar, 509422"
787,JOO CHIAT APARTMENTS,"485 Joo Chiat Road, 427687"
788,JOO CHIAT LODGE,"45 Joo Chiat Lane, 428104"
789,JOO CHIAT MANSIONS,"185 Joo Chiat Place, 427897"
790,JOO CHIAT VERBENA,"275 Joo Chiat Place, 427955"
791,JOOL SUITES,"2 Sing Joo Walk, 217811"
792,JUBILEE RESIDENCE,"353 Pasir Panjang Road, 118695"
793,JUNIPER AT ARDMORE,"6 Ardmore Park, 259953"
794,JUPITER 18,"18 Lorong 102 Changi, 426608"
795,K GARDEN,"20 Lorong K Telok Kurau, 425616"
796,K-LODGE,"32 Lorong K Telok Kurau, 425641"
797,KAI FOOK MANSION,"2 Kim Tian Road, 169244"
798,KALLANG RIVERSIDE,"51 Kampong Bugis, 338986"
799,KANDIS RESIDENCE,"2 Kandis Link, 756967"
800,KANOPY @ 77,"77 Lorong K Telok Kurau, 425699"
801,KAP RESIDENCES,"11 King Albert Park, 598292"
802,KARTAR APARTMENTS,"41 Thomson Road, 307582"
803,KASTURINA LODGE,"20 Kay Poh Road, 248969"
804,KATONG APARTMENTS,"28 Mangis Road, 424965"
805,KATONG GARDENS,"235 Tembeling Road, 42372"
806,KATONG MANSION,"306 Telok Kurau Road, 423857"
807,KATONG REGENCY,"15 Tanjong Katong Road, 43695"
808,KATONG VILLE,"88 Tanjong Katong Road, 436958"
809,KELIVILLE,"31 Jalan Keli, 577931"
810,KELLOCK LODGE,"3 Kellock Road, 248899"
811,KEMBANGAN COURT,"5 Jalan Masjid, 418924"
812,KEMBANGAN PLAZA,"18 Jalan Masjid, 418944"
813,KEMBANGAN SUITES,"16 Jalan Masjid, 418941"
814,KENG LEE COURT,"74 Keng Lee Road, 219249"
815,KENG LEE VIEW,"108 Keng Lee Road, 219268"
816,KENG YEE GARDEN,"360 Changi Road, 419822"
817,KENSINGTON PARK CONDOMINIUM,"2 Kensington Park Drive, 55732"
818,KENSINGTON SQUARE,"2 Jalan Lokam, 537846"
819,KENT RESIDENCES,"23 Kent Road, 219219"
820,KENT VALE,"101 Clementi Road, 129787"
821,KENTISH COURT,"33 Oxford Road, 218816"
822,KENTISH GREEN,"20 Oxford Road, 218815"
823,KENTISH LODGE,"3 Oxford Road, 218814"
824,KENTVIEW PARK,"87 Pasir Panjang Hill, 118892"
825,KERRISDALE,"30 Sturdee Road, 207852"
826,KHEAM HOCK GARDENS,"38 Kheam Hock Road, 298808"
827,KILAT 19,"19 Lorong Kilat, 59812"
828,KILAT CENTRE,"33 Lorong Kilat, 598132"
829,KILAT COURT,"17 Lorong Kilat, 598139"
830,KILLINEY 118,"118 Killiney Road, 239555"
831,KIM KEAT GARDENS,"6 Kim Keat Road, 328847"
832,KIM KEAT HOUSE,"60 Kim Keat Road, 328827"
833,KIM KEAT LODGE,"5 Kim Keat Road, 328843"
834,KIM SIA COURT,"1 Jalan Jintan, 229001"
835,KIMLIN MANSION,"38 One Tree Hill, 248696"
836,KINDOL GARDENS,"61 Jalan Malu-malu, 769676"
837,KING'S ARCADE,"559 Bukit Timah Road, 269695"
838,KING'S COURT,"10 Norfolk Road, 219014"
839,KING'S MANSION,"437 Tanjong Katong Road, 437147"
840,KINGS APARTMENTS,"2 Lorong K Telok Kurau, 425604"
841,KINGSFORD . HILLVIEW PEAK,"105 Hillview Rise, 667968"
842,KINGSFORD WATERBAY,"84 Upper Serangoon View, 533876"
843,KINGSGROVE,"1801 Ang Mo Kio Avenue 1, 569979"
844,KINGSLEY MANSIONS,"27 Boon Teck Road, 329599"
845,KINTA ROAD,"28 Kinta Road, 219097"
846,KISMIS COURT,"1 Toh Yi Road, 596484"
847,KISMIS VIEW,"15 Lorong Kismis, 598008"
848,KJ MANSION,"7 Rosyth Road, 546144"
849,KLASSIC COURT,"133 Koon Seng Road, 427063"
850,KNOX VIEW,"21 Lorong M Telok Kurau, 425307"
851,KOH'S VILLE,"52 Highland Road, 549134"
852,KOON SENG COURT,"117 Koon Seng Road, 427049"
853,KOVAN 81,"81 Kovan Road, 548173"
854,KOVAN APARTMENTS,"32 Kovan Road, 548102"
855,KOVAN CENTRE,"9 Yio Chu Kang Road, 545523"
856,KOVAN CREST,"45 Kovan Road, 54813"
857,KOVAN ESQUIRE,"47 Kovan Road, 548132"
858,KOVAN GRANDEUR,"118 Tampines Road, 535193"
859,KOVAN MELODY,"37 Kovan Road, 545018"
860,KOVAN PRIMERA,"89 Kovan Road, 548177"
861,KOVAN REGENCY,"12 Kovan Rise, 544714"
862,KOVAN RESIDENCES,"5 Kovan Road, 544894"
863,KOVANA,"53 Kovan Road, 548136"
864,KUIE PONG LOFT,"10 Robin Walk, 258159"
865,KUM HING COURT,"28 Tomlinson Road, 247854"
866,KURAU COURT,"201 Telok Kurau Road, 42391"
867,L'VIV,"23 Newton Road, 307955"
868,LA BRISA,"50 Lorong 28 Geylang, 398453"
869,LA CASA,"68 Woodlands Drive 16, 737892"
870,LA CRYSTAL,"160 Killiney Road, 239568"
871,LA DOLCE VITA,"343 Upper Paya Lebar Road, 534954"
872,LA FIESTA,"58 Sengkang Square, 544699"
873,LA FLEUR,"8 Lorong 26 Geylang, 398483"
874,LA MAISON,"10 Moulmein Rise, 308125"
875,LA MEYER,"66 Meyer Road, 437894"
876,LA NOUVELLE,"10 Shrewsbury Road, 307811"
877,LA SUISSE,"1 Swiss View, 288007"
878,LA VIDA @ 130,"130 Lorong K Telok Kurau, 425769"
879,LAGUNA 88,"44 Eastwood Road, 486355"
880,LAGUNA GREEN,"20 Jalan Hajijah, 468726"
881,LAKE GRANDE,"8 Jurong Lake Link, 64813"
882,LAKE LIFE,"2 Tao Ching Road, 618721"
883,LAKEHOLMZ,"80 Corporation Road, 649819"
884,LAKEPOINT CONDOMINIUM,"2 Lakepoint Drive, 648923"
885,LAKEVILLE,"11 Jurong Lake Link, 648155"
886,LANDBAY CONDO,"3 Jalan Hajijah, 468698"
887,LANDRIDGE CONDOMINIUM,"202 Pasir Panjang Road, 118572"
888,LANGSTON VILLE,"15 Kim Yam Road, 239328"
889,LATITUDE,"31 Jalan Mutiara, 249206"
890,LAUREL TREE,"42 Hillview Terrace, 669267"
891,LAVERNE'S LOFT,"66 Lorong L Telok Kurau, 425509"
892,LE ARC,"6 Lorong 26 Geylang, 398481"
893,LE CHATEAU,"67 Cavenagh Road, 229621"
894,LE CONNEY PARK,"87 Lorong L Telok Kurau, 425525"
895,LE CRESCENDO,"233 Paya Lebar Road, 409044"
896,LE GAMBIR,"59 Lorong Gambir, 536613"
897,LE HILL CONDOMINIUM,"42 Pasir Panjang Hill, 118894"
898,LE LOYANG,"43 Jalan Loyang Besar, 509371"
899,LE M RESIDENCE,"6 Lorong M Telok Kurau, 425286"
900,LE MARICAN,"95 Lorong Marican, 417301"
901,LE MERRITT,"64 Lorong M Telok Kurau, 425365"
902,LE QUEST,"10 Bukit Batok Street 41, 657977"
903,LE REGAL,"340 Geylang Road, 389365"
904,LE REVE,"17 Kampong Eunos, 417778"
905,LE SHANTIER,"4 Shan Road, 328106"
906,LE SOMME,"60 Somme Road, 207876"
907,LEEDON 2,"2 Leedon Road, 267829"
908,LEEDON HEIGHTS,"16 Leedon Road, 267862"
909,LEEDON RESIDENCE,"4 Leedon Heights, 266214"
910,LEGENDA AT JOO CHIAT,"17 Joo Chiat Lane, 428096"
911,LEICESTER LODGE,"9 Leicester Road, 358843"
912,LEICESTER SUITES,"10 Leicester Road, 358844"
913,LEIGHWOODS,"37 Mount Sinai Rise, 276956"
914,LEITH GROVE,"6 Leith Park, 547933"
915,LEONIE CONDOTEL,"2 Leonie Hill Road, 239192"
916,LEONIE GARDENS,"23 Leonie Hill, 239224"
917,LEONIE HILL RESIDENCES,"1 Leonie Hill Road, 239191"
918,LEONIE PARC VIEW,"22 Leonie Hill Road, 239195"
919,LEONIE SUITES,"21 Leonie Hill, 239223"
920,LEONIE TOWERS,"20 Leonie Hill, 239222"
921,LEVENUE,"55 Lengkong Empat, 417642"
922,LEVILLE ISUITES,"28 Ceylon Road, 429621"
923,LEWIS LODGE,"39 Lewis Road, 258612"
924,LIEN TOWERS,"21 Holland Park, 249476"
925,LILYDALE,"550 Yishun Avenue 6, 768961"
926,LIMAU PARK,"22 Jalan Limau Bali, 468493"
927,LINCOLN SUITES,"1 Khiang Guan Avenue, 30838"
928,LION TOWERS,"2 Essex Road, 30933"
929,LIVIA,"71 Pasir Ris Grove, 518205"
930,LIVINGSTON MANSIONS,"135 Lorong L Telok Kurau, 425571"
931,LLOYD COURT,"40 Lloyd Road, 239107"
932,LLOYD MANSION,"3 Lloyd Road, 239092"
933,LLOYD SIXTYFIVE,"65 Lloyd Road, 239114"
934,LOFT 33,"33 Lorong 32 Geylang, 398293"
935,LOFT @ NATHAN,"428 River Valley Road, 248327"
936,LOFT @ RANGOON,"113 Rangoon Road, 218392"
937,LOFT @ STEVENS,"68 Stevens Road, 257856"
938,LOFT@HOLLAND,"151 Holland Road, 27858"
939,LORONG 31 GEYLANG,"16 Lorong 31 Geylang, 388024"
940,LOYANG GARDENS,"49 Jalan Loyang Besar, 509373"
941,LUCIDA,"2 Suffolk Road, 30778"
942,LUMA,"6 River Valley Grove, 238403"
943,LUSH ACRES,"1 Fernvale Close, 797485"
944,LUSH ON HOLLAND HILL,"21 Holland Hill, 278737"
945,LUTHERAN TOWERS,"21 Tan Kim Cheng Road, 266621"
946,LUXE VILLE,"336 Pasir Panjang Road, 118668"
947,M SUITES,"65 Lorong Melayu, 416952"
948,M21,"21 Mandalay Road, 308208"
949,MABELLE,"15 Lorong M Telok Kurau, 425303"
950,MACPHERSON GREEN,"568 Macpherson Road, 368236"
951,MADEIRA COURT,"18 Lorong M Telok Kurau, 425408"
952,MADISON RESIDENCES,"355 Bukit Timah Road, 259724"
953,MALVERN SPRINGS,"373 Onan Road, 424775"
954,MANDALAY MANSION,"15 Minbu Road, 308166"
955,MANDALAY TOWERS,"35 Mandalay Road, 308215"
956,MANDALE HEIGHTS,"45 Mandalay Road, 308225"
957,MANDARIN GARDENS,"1 Siglap Road, 448906"
958,MANHATTAN MANSIONS,"76 Grange Road, 24958"
959,MANSIONS 28,"28 Lorong 31 Geylang, 388038"
960,MAPLE WOODS,"985 Bukit Timah Road, 589627"
961,MARGARET VILLE,"20 Margaret Drive, 149312"
962,MARGATE POINT,"2 Margate Road, 438042"
963,MARINA COLLECTION,"13 Cove Drive, 98327"
964,MARINE BLUE,"81 Marine Parade Road, 449309"
965,MARINE MANSION,"28 Sea Avenue, 424249"
966,MARINE MEADOWS,"163 Marine Parade, 449528"
967,MARINE VIEW MANSION,"97 Marine Parade, 449273"
968,MARINE VIEW MANSIONS,"97 Marine Parade, 449273"
969,MARINE VILLE,"161 Marine Parade, 449527"
970,MARSHALL LODGE,"89 Marshall Road, 424886"
971,MARTIA 8,"8 Martia Road, 424795"
972,MARTIA RESIDENCE,"7 Martia Road, 424794"
973,MARTIN EDGE,"50 Martin Road, 239071"
974,MARTIN PLACE RESIDENCES,"2 Martin Place, 237988"
975,MARTINA MANSIONS,"315 Bukit Timah Road, 25971"
976,MARYLAND PARK,"19 Amber Gardens, 439962"
977,MARYMOUNT VIEW,"11 Pemimpin Drive, 576148"
978,MAYA,"9 Still Road, 423953"
979,MAYBELLE LODGE,"38 Lorong K Telok Kurau, 425649"
980,MAYFAIR RESIDENCES,"531 East Coast Road, 429065"
981,MEADOWLODGE,"31 Chun Tin Road, 599717"
982,MEADOWS @ PEIRCE,"626 Upper Thomson Road, 78713"
983,MEDGE,"2 Minbu Road, 308186"
984,MEIER SUITES,"10 Margate Road, 438051"
985,MELINIA COURT,"56 Lorong M Telok Kurau, 425354"
986,MELOSA,"28 Lorong 28 Geylang, 398432"
987,MELROSE PARK,"91 Kellock Road, 248903"
988,MELROSE VILLE,"10 Rose Lane, 43737"
989,MELVILLE PARK,"12 Simei Street 1, 52994"
990,MENDON SPRING,"198 Pasir Panjang Road, 117526"
991,MENG GARDEN,"65 Lloyd Road, 239114"
992,MERA EAST,"336 Changi Road, 419809"
993,MERA SPRINGS,"81 Carlisle Road, 219647"
994,MERALODGE,"83 Hillview Avenue, 669583"
995,MERAPRIME,"301 Jalan Bukit Ho Swee, 169568"
996,MERAWOODS,"136 Hillview Avenue, 669598"
997,MERGUI MANSIONS,"81 Mergui Road, 219057"
998,MERIDIAN 38,"38 Lorong M Telok Kurau, 425317"
999,MERLOT VILLE,"281 Telok Kurau Road, 423847"
1000,METRO LOFT,"5 Lorong 27 Geylang, 388158"
1001,MEYA LODGE,"23 Meyappa Chettiar Road, 358463"
1002,MEYER PARK,"81 Meyer Road, 437908"
1003,MEYER RESIDENCE,"3 Meyer Place, 437991"
1004,MI CASA,"311 Choa Chu Kang Avenue 3, 689859"
1005,MIDTOWN RESIDENCES,"1189 Upper Serangoon Road, 534785"
1006,MILL CREEK,"10 Lorong Marzuki, 417052"
1007,MILL POINT,"1 Zion Close, 247811"
1008,MINBU COURT,"54 Minbu Road, 308184"
1009,MINBU VILLA,"56 Minbu Road, 308185"
1010,MINT RESIDENCES @ JANSEN,"20 Jansen Road, 548411"
1011,MIRO,"1 Lincoln Road, 308365"
1012,MODA,"42 East Coast Road, 428762"
1013,MODENA,"35 Simei Street 4, 529869"
1014,MON JERVOIS,"47 Jervois Road, 247656"
1015,MONARCHY APARTMENTS,"51 Mandalay Road, 308231"
1016,MONKS HILL FLAT,"2 Winstedt Road, 227979"
1017,MONTEBLEU,"8 Minbu Road, 308162"
1018,MONTEREY PARK CONDOMINIUM,"21 West Coast Rise, 127464"
1019,MONTROSA,"132 Hillview Avenue, 669597"
1020,MONTVIEW,"63 Mount Sinai Drive, 277116"
1021,MONVILLE MANSIONS,"530 Balestier Road, 329857"
1022,MORI,"223 Guillemard Road, 399738"
1023,MORIMASA GARDENS,"11 Gilstead Road, 309065"
1024,MORO MANSIONS,"3 Lorong 37 Geylang, 387901"
1025,MOULMEIN COURT,"91 Moulmein Road, 308078"
1026,MOULMEIN STUDIOS,"147 Moulmein Road, 30809"
1027,MOUNT FABER LODGE,"27 Mount Faber Road, 992"
1028,MOUNT ROSIE GARDEN,"50 Goldhill Avenue, 309031"
1029,MOUNTBATTEN REGENCY,"825 Mountbatten Road, 437818"
1030,MOUNTBATTEN SUITES,"861 Mountbatten Road, 437842"
1031,MULBERRY TREE,"167 Moulmein Road, 308092"
1032,MUTIARA CREST,"2 Jalan Mutiara, 249183"
1033,MUTIARA VIEW,"11 Jalan Mutiara, 249191"
1034,MY MANHATTAN,"25 Simei Street 3, 529899"
1035,NADIA MANSIONS,"30 Ah Hood Road, 329976"
1036,NASSIM 9,"9 Nassim Road, 258376"
1037,NASSIM JADE,"3 Nassim Road, 258371"
1038,NASSIM LODGE,"7 Nassim Road, 258374"
1039,NASSIM MANSION,"32 Nassim Hill, 258472"
1040,NASSIM PARK RESIDENCES,"15 Nassim Road, 258386"
1041,NASSIM REGENCY,"37 Nassim Road, 258423"
1042,NASSIMVILLE,"11 Nassim Road, 258378"
1043,NATHAN RESIDENCES,"23 Nathan Road, 248744"
1044,NATHAN SUITES,"21 Nathan Road, 248743"
1045,NATURA @ HILLVIEW,"18 Hillview Terrace, 669229"
1046,NATURALIS,"2 Lorong M Telok Kurau, 425279"
1047,NATURE MANSIONS,"52 Lorong K Telok Kurau, 42578"
1048,NAUNG RESIDENCE,"1 Jalan Naung, 53767"
1049,NEEM TREE,"30 Jalan Kemaman, 329341"
1050,NEPTUNE COURT,"1 Marine Vista, 449025"
1051,NESS,"38 Lorong 32 Geylang, 398298"
1052,NEW COURT,"35 Jalan Dusun, 329387"
1053,NEW FUTURA,"14 Leonie Hill Road, 239193"
1054,NEWEST,"1 West Coast Drive, 12802"
1055,NEWTON 18,"18 Newton Road, 307989"
1056,NEWTON EDGE,"1 Makeway Avenue, 228598"
1057,NEWTON GEMS,"50 Newton Road, 307991"
1058,NEWTON IMPERIAL,"24 Newton Road, 307956"
1059,NEWTON LODGE,"41 Newton Road, 307968"
1060,NEWTON MANSION,"27 Gilstead Road, 309071"
1061,NEWTON ONE,"1 Newton Road, 307943"
1062,NEWTON SUITES,"60 Newton Road, 307994"
1063,NICOLE GREEN,"68 Guillemard Road, 39971"
1064,NIM GARDENS,"71 Nim Road, 807583"
1065,NIN RESIDENCE,"81 Pheng Geck Avenue, 348269"
1066,NINE DEGREES,"90 Tanjong Katong Road, 436959"
1067,NIVEN LOFT,"70 Niven Road, 228421"
1068,NIVEN SUITES,"8 Wilkie Terrace, 228031"
1069,NOMU,"20 Handy Road, 229236"
1070,NORFOLK COURT,"103 Mergui Road, 219068"
1071,NORMANTON PARK,"1 Normanton Park, 118998"
1072,NORTH PARK RESIDENCES,"15 Yishun Central 1, 768797"
1073,NORTHOAKS,"20 Woodlands Crescent, 738081"
1074,NORTHVALE,"61 Choa Chu Kang Loop, 689668"
1075,NORTHWOOD,"68 Jalan Mata Ayer, 757487"
1076,NOUVEL 18,"18 Anderson Road, 259977"
1077,NOUVELLE PARK,"131 Poh Huat Road West, 546684"
1078,NOVA 48,"8 Prome Road, 328316"
1079,NOVELIS,"75 Sinaran Drive, 308322"
1080,NOVENA COURT,"2 Jalan Novena Barat, 308603"
1081,NOVENA HILL,"33 Jalan Novena, 308651"
1082,NOVENA LODGE,"2 Jalan Merlimau, 308729"
1083,NOVENA REGENCY,"275 Thomson Road, 307645"
1084,NOVENA SUITES,"200 Moulmein Road, 308107"
1085,NUOVO,"21 Ang Mo Kio Avenue 9, 569786"
1086,NUTMEG COURT,"6 Nutmeg Road, 228337"
1087,NV RESIDENCES,"91 Pasir Ris Grove, 51819"
1088,OASIS @ ELIAS,"60 Elias Road, 519938"
1089,OASIS GARDEN,"51 Jalan Bunga Rampai, 53842"
1090,OCEAN PARK,"520 East Coast Road, 458965"
1091,OCEANFRONT SUITES,"173 Jalan Loyang Besar, 509424"
1092,OEI TIONG HAM PARK RESIDENCES,"29 Oei Tiong Ham Park, 267034"
1093,OKIO,"262 Balestier Road, 329714"
1094,OLA RESIDENCES,"837 Mountbatten Road, 43783"
1095,OLEANAS RESIDENCE,"42 Kim Yam Road, 239347"
1096,OLEANDER TOWERS,"911 Lorong 1 Toa Payoh, 319771"
1097,ONAN COURT,"291 Onan Road, 424772"
1098,ONAN SUITES,"215 Onan Road, 424597"
1099,ONE @ PULASAN,"1 Pulasan Road, 424366"
1100,ONE AKYAB,"1 Akyab Road, 309972"
1101,ONE AMBER,"1 Amber Gardens, 439957"
1102,ONE BALMORAL,"1 Balmoral Road, 259784"
1103,ONE CHATSWORTH,"1 Chatsworth Road, 249745"
1104,ONE DEVONSHIRE,"1 Devonshire Road, 239896"
1105,ONE DRAYCOTT,"1 Draycott Park, 259385"
1106,ONE DUCHESS,"1 Duchess Road, 268977"
1107,ONE DUSUN RESIDENCES,"1 Jalan Dusun, 329363"
1108,ONE EIGHTIES RESIDENCES,"186 Joo Chiat Terrace, 427332"
1109,ONE FORT,"1 Fort Road, 439069"
1110,ONE JERVOIS,"3 Jervois Close, 249099"
1111,ONE LEICESTER,"1 Leicester Road, 358828"
1112,ONE ROBIN,"1 Robin Road, 258176"
1113,ONE ROSYTH,"1 Rosyth Road, 546133"
1114,ONE TREE HILL COLLECTION,"12 One Tree Hill, 248677"
1115,ONE TREE HILL MANSIONS,"69 One Tree Hill, 248706"
1116,ONEROBEY,"1 Robey Crescent, 546256"
1117,OPAL SUITES,"1 Opal Crescent, 328396"
1118,OPTIMA @ TANAH MERAH,"80 Tanah Merah Kechil Avenue, 465514"
1119,ORANGE GROVE RESIDENCES,"27 Orange Grove Road, 258356"
1120,ORANGE GROVE ROAD,"8 Orange Grove Road, 258342"
1121,ORANGE REGENCY,"101 Fernhill Road, 259137"
1122,ORCHARD BEL AIR,"245 Orchard Boulevard, 248648"
1123,ORCHARD COURT,"19 Oxley Road, 238619"
1124,ORCHARD SCOTTS,"3 Anthony Road, 229953"
1125,ORCHARD TOWER REAR BLOCK APARTMENT,"1 Claymore Drive, 229594"
1126,ORCHARD VIEW,"29 Angullia Park, 239977"
1127,ORCHID APARTMENT,"42 Eng Neo Avenue, 289546"
1128,ORCHID APARTMENTS,"42 Eng Neo Avenue, 289533"
1129,ORCHID MANSION,"11 Amber Road, 439857"
1130,ORCHID PARK CONDOMINIUM,"81 Yishun Street 81, 768445"
1131,OUE TWIN PEAKS,"33 Leonie Hill Road, 239197"
1132,OVADA 8,"127 Koon Seng Road, 427071"
1133,OWEN 88,"88 Owen Road, 218901"
1134,OWEN COURT,"104 Owen Road, 218912"
1135,OXFORD SUITES,"21 Oxford Road, 218817"
1136,OXLEY GARDEN,"1 Oxley Garden, 238732"
1137,OXLEY MANSION,"26 Oxley Road, 23862"
1138,OXLEY RESIDENCE,"43 Oxley Road, 238632"
1139,PADDY GREEN,"1 Lorong 12 Geylang, 398982"
1140,PALISADES,"294 Pasir Panjang Road, 118635"
1141,PALM GALLERIA,"78 Lorong K Telok Kurau, 425701"
1142,PALM GREEN,"481 Pasir Panjang Road, 117621"
1143,PALM GROVE CONDOMINIUM,"19 Palm Grove Avenue, 547315"
1144,PALM HAVEN,"18 Palm Grove Avenue, 547312"
1145,PALM ISLES,"40 Flora Drive, 506866"
1146,PALM LODGE,"4 Lorong 37 Geylang, 387902"
1147,PALM LOFT,"136 Joo Chiat Terrace, 427282"
1148,PALM MANSIONS,"345 Pasir Panjang Road, 118684"
1149,PALM OASIS,"51 Lorong H Telok Kurau, 426052"
1150,PALM RESIDENCE,"7 Jalan Rajawali, 598429"
1151,PALM SPRING,"16 Ewe Boon Road, 259324"
1152,PALM VISTA,"47 Lorong G Telok Kurau, 426224"
1153,PALMERA EAST,"29 Lorong Melayu, 416914"
1154,PALMERA RESIDENCE,"38 Lorong N Telok Kurau, 425163"
1155,PANDAN VALLEY,"1 Pandan Valley, 597631"
1156,PAPILLON,"8 Jalan Rama Rama, 329089"
1157,PARADISE PALMS,"505 Dunman Road, 439198"
1158,PARBURY HILL CONDOMINIUM,"28 Parbury Avenue, 467298"
1159,PARC ASTON,"2 Leicester Road, 358831"
1160,PARC BLEU,"262 Joo Chiat Place, 427944"
1161,PARC BOTANNIA,"10 Fernvale Street, 79739"
1162,PARC CENTENNIAL,"100 Kampong Java Road, 228867"
1163,PARC CENTRAL RESIDENCES,"119 Tampines Street 86, 528513"
1164,PARC CENTROS,"84 Punggol Central, 828719"
1165,PARC ELEGANCE,"11 Telok Kurau Road, 423761"
1166,PARC GREENWICH,"33 Fernvale Lane, 797504"
1167,PARC HAVEN,"12 Lorong Limau, 328741"
1168,PARC LIFE,"29 Sembawang Crescent, 756982"
1169,PARC MONDRIAN,"21 Woodleigh Close, 357916"
1170,PARC OASIS,"35 Jurong East Avenue 1, 609774"
1171,PARC OLYMPIA,"56 Flora Drive, 506856"
1172,PARC REGENCY,"315 Pasir Panjang Road, 118652"
1173,PARC ROSEWOOD,"71 Rosewood Drive, 737783"
1174,PARC SEABREEZE,"532 Joo Chiat Road, 427711"
1175,PARC SOMME,"62 Somme Road, 207877"
1176,PARC STEVENS,"21 Stevens Drive, 257913"
1177,PARC VERA,"10 Hougang Street 32, 534037"
1178,PARC VISTA,"450 Corporation Road, 64981"
1179,PARK 1 SUITES,"8 Lorong 40 Geylang, 398054"
1180,PARK COLONIAL,"10 Woodleigh Lane, 357657"
1181,PARK COURT,"9 Lorong 101 Changi, 426641"
1182,PARK EAST,"69 Jalan Tua Kong, 457264"
1183,PARK GREEN,"2 Rivervale Link, 54504"
1184,PARK HOUSE,"21 Orchard Boulevard, 248645"
1185,PARK INFINIA AT WEE NAM,"2 Lincoln Road, 308342"
1186,PARK NATURA,"31 Bukit Batok East Avenue 6, 659763"
1187,PARK RESIDENCES @ KOVAN,"831 Upper Serangoon Road, 534679"
1188,PARK WEST,"2 Jalan Lempeng, 128793"
1189,PARKVIEW APARTMENTS,"5 Bukit Batok Street 25, 65888"
1190,PARKVIEW ECLAT,"138 Grange Road, 249617"
1191,PARKWAY APARTMENT,"13 Amber Road, 439863"
1192,PARKWAY LODGE,"525 Joo Chiat Road, 427705"
1193,PARKWAY VIEW,"39 Marine Parade, 449265"
1194,PARRY COURT,"35 Parry Avenue, 547261"
1195,PARVIS,"12 Holland Hill, 278743"
1196,PASIR PANJANG COURT,"21 Pasir Panjang Close, 118972"
1197,PASIR PANJANG LODGE,"390 Pasir Panjang Road, 118722"
1198,PASIR VIEW PARK,"200 Pasir Panjang Road, 118571"
1199,PASTORAL VIEW,"7 Bassein Road, 309837"
1200,PATENT PLACE,"17 Jalan Rajawali, 598434"
1201,PATERSON LINC,"20 Paterson Road, 238509"
1202,PATERSON RESIDENCE,"71 Paterson Road, 238543"
1203,PATERSON SUITES,"55 Paterson Road, 23855"
1204,PAVILION 11,"23 Akyab Road, 309978"
1205,PAVILION SQUARE,"345 Geylang Road, 389366"
1206,PAYA LEBAR RESIDENCES,"27 Paya Lebar Road, 409042"
1207,PEACH GARDEN,"1 Peach Garden, 437602"
1208,PEAK RESIDENCE,"333 Thomson Road, 307675"
1209,PEIRCE VIEW,"557 Upper Thomson Road, 574418"
1210,PENANG SERVICE APARTMENTS,"16 Lorong 34 Geylang, 398213"
1211,PENG'S COURT,"226 Tembeling Road, 423714"
1212,PENHAS ROAD,"1 Penhas Road, 208173"
1213,PEPPERMINT GROVE,"45 Newton Road, 307971"
1214,PEPYS HILL CONDOMINIUM,"19 Pepys Road, 11845"
1215,PERFECT TEN,"321 Bukit Timah Road, 259781"
1216,PERMAI RESIDENCES,"524 Kampong Bahru Road, 99455"
1217,PETAIN COURT,"2 Petain Road, 208085"
1218,PHOENIX HEIGHTS,"1 Phoenix Walk, 668105"
1219,PHOENIX RESIDENCES,"83 Phoenix Avenue, 668384"
1220,PIN MANSIONS,"18 Lim Ah Pin Road, 547837"
1221,PINE COURT,"28 Lorong L Telok Kurau, 42544"
1222,PINEHURST CONDOMINIUM,"132 Lorong L Telok Kurau, 425569"
1223,PINETREE CONDO,"28 Balmoral Park, 259856"
1224,PINEVALE,"2 Tampines Street 73, 528823"
1225,PINEWOOD GARDENS,"21 Balmoral Park, 25985"
1226,PINNACLE 16,"16 Shan Road, 328107"
1227,PLATINUM EDGE,"18 Leicester Road, 358847"
1228,POINT LOMA,"30 Shelford Road, 288423"
1229,PORTOFINO,"6 Sarkies Road, 258126"
1230,POSHGROVE EAST,"335 East Coast Road, 42896"
1231,PRESIDIO,"5 Ceylon Lane, 423472"
1232,PRESTIGE HEIGHTS,"348 Balestier Road, 329778"
1233,PRESTIGE LOFT,"286 Telok Kurau Road, 423911"
1234,PRESTIGE POINT,"398 Upper Paya Lebar Road, 534986"
1235,PRESTIGE RESIDENCE,"52 Lorong G Telok Kurau, 426235"
1236,PRESTO @ UPPER SERANGOON,"528 Upper Serangoon Road, 534543"
1237,PRIME RESIDENCE,"41 Lorong 22 Geylang, 398697"
1238,PRIMEDGE,"45 Lorong 34 Geylang, 398236"
1239,PRINCE APARTMENT,"34 Jalan Datoh, 329421"
1240,PRINCIPAL GARDEN,"91 Prince Charles Crescent, 159025"
1241,PRISTINE HEIGHTS,"77 Mergui Road, 219053"
1242,PROSPERO VILLE,"127 Lorong K Telok Kurau, 425766"
1243,PROVENCE RESIDENCE,"23 Canberra Crescent, 757078"
1244,PROXIMO,"27 Robin Road, 258204"
1245,Q BAY RESIDENCES,"1 Tampines Street 86, 528583"
1246,QUBE SUITES,"24 Jalan Punai, 418804"
1247,QUEENS,"10 Stirling Road, 148954"
1248,QUEENS PEAK,"1 Dundee Road, 149456"
1249,QUEENSBERRY LODGE,"11 Shanghai Road, 248185"
1250,QUEENSWAY SHOPPING CENTRE/QUEENSWAY TOWER,"1 Queensway, 149053"
1251,QUESTA @ DUNMAN,"543 Dunman Road, 439219"
1252,QUINTERRA,"359 Holland Road, 278636"
1253,R MAISON,"1 Sommerville Walk, 357699"
1254,R66 APARTMENTS,"136 Tessensohn Road, 217699"
1255,RACE COURSE LANE,"1 Race Course Lane, 21873"
1256,RADIX,"18 Jalan Wakaff, 428228"
1257,RAFFLESIA CONDOMINIUM,"31 Bishan Street 21, 5798"
1258,RAINBOW GARDENS,"61 Jalan Kelichap, 538181"
1259,RAMBAI COURT,"15 Rambai Road, 424334"
1260,RANGOON 88,"88 Rangoon Road, 218374"
1261,RANGOON APARTMENTS,"190 Rangoon Road, 218447"
1262,RANGOON COURT,"103 Rangoon Road, 218386"
1263,RANGOON ROAD,"55 Rangoon Road, 218347"
1264,RANGOON VIEW,"223 Rangoon Road, 21846"
1265,RE CHARGE @ 303,"303 River Valley Road, 238344"
1266,REFLECTIONS AT KEPPEL BAY,"1 Keppel Bay View, 98402"
1267,REGAL 35,"11 Lorong 35 Geylang, 387943"
1268,REGAL COURT,"17 Kim Keat Road, 328837"
1269,REGENCY HOUSE,"121 Penang Road, 238464"
1270,REGENCY LODGE,"17 Shanghai Road, 248191"
1271,REGENCY PARK,"3 Nathan Road, 248726"
1272,REGENCY SUITES,"38 Kim Tian Road, 169262"
1273,REGENT COURT,"1091 Serangoon Road, 32819"
1274,REGENT GARDENS,"53 West Coast Road, 127364"
1275,REGENT GROVE,"50 Choa Chu Kang North 7, 689527"
1276,REGENT HEIGHTS,"50 Bukit Batok East Avenue 5, 659801"
1277,REGENT PARK,"22 Jalan Lempeng, 128803"
1278,REGENT RESIDENCES,"1091 Serangoon Road, 32819"
1279,REGIS MANSIONS,"15 Jalan Rajawali, 598433"
1280,RESIDENCES 88,"88 Lorong Marican, 417297"
1281,RESIDENCES @ EVELYN,"17 Evelyn Road, 309306"
1282,RESIDENCES @ JANSEN,"29 Jansen Road, 548432"
1283,RESIDENCES @ KILLINEY,"147 Killiney Road, 239566"
1284,RESIDENCES @ SOMME,"3 Petain Road, 208108"
1285,RESIDENCES BOTANIQUE,"30 Yio Chu Kang Road, 54555"
1286,REZI 3TWO,"48 Lorong 32 Geylang, 398308"
1287,RHAPSODY ON MOUNT ELIZABETH,"16 Mount Elizabeth, 228513"
1288,RIA APARTMENTS,"1 Jalan Pasir Ria, 119462"
1289,RIA TOWNHOUSES,"117 Bedok Ria Crescent, 48993"
1290,RICCHEZZA,"94 Lorong M Telok Kurau, 425399"
1291,RICH EAST GARDEN,"300 Upper East Coast Road, 466438"
1292,RICH MANSION,"311 Bukit Timah Road, 259709"
1293,RICHMOND PARK,"3 Bideford Road, 22992"
1294,RIDGE COURT,"19 Meyappa Chettiar Road, 358459"
1295,RIDGEWOOD CONDOMINIUM,"1 Ridgewood Close, 276692"
1296,RIO VISTA,"10 Upper Serangoon View, 534198"
1297,RIPPLE BAY,"4 Pasir Ris Link, 51816"
1298,RIS GRANDEUR,"21 Elias Road, 519929"
1299,RISING COURT,"437 Joo Chiat Road, 42765"
1300,RISING SUITES,"4 Sarkies Road, 258124"
1301,RITZ MANSION,"346 Balestier Road, 329776"
1302,RITZ MANSIONS,"346 Balestier Road, 329776"
1303,RITZ REGENCY,"8 Ipoh Lane, 438611"
1304,RIVA LODGE,"36 Leonie Hill, 23923"
1305,RIVAGE,"4 Margate Road, 438044"
1306,RIVER ISLES,"60 Edgedale Plains, 828729"
1307,RIVER VALLEY APARTMENTS,"400 River Valley Road, 248296"
1308,RIVERBANK @ FERNVALE,"11 Fernvale Close, 797475"
1309,RIVERCOVE RESIDENCES,"20 Anchorvale Lane, 544584"
1310,RIVERDALE RESIDENCE,"346 River Valley Road, 238373"
1311,RIVERFRONT RESIDENCES,"41 Hougang Avenue 7, 533813"
1312,RIVERIA GARDENS,"8 River Valley Grove, 238406"
1313,RIVERPARC RESIDENCE,"90 Punggol Drive, 828794"
1314,RIVERSAILS,"24 Upper Serangoon Crescent, 534024"
1315,RIVERSHIRE,"31 Leonie Hill, 239229"
1316,RIVERSOUND RESIDENCE,"5 Sengkang East Avenue, 54474"
1317,RIVERTREES RESIDENCES,"21 Fernvale Close, 79746"
1318,RIVERVALE CREST,"5 Rivervale Crescent, 545084"
1319,RIVERVALE SHORES,"170 Sengkang East Drive, 54017"
1320,RIVIERA RESIDENCES,"9 Riviera Drive, 467202"
1321,RIZ HAVEN,"193 Jalan Loyang Besar, 506928"
1322,ROBERTSON EDGE,"18 Tong Watt Road, 23801"
1323,ROBIN REGALIA,"35 Robin Road, 25821"
1324,ROBIN RESIDENCES,"1 Robin Drive, 258261"
1325,ROBIN SUITES,"25 Robin Road, 258203"
1326,ROCCA BALESTIER,"221 Balestier Road, 329928"
1327,ROCHDALE ROAD,"11 Rochdale Road, 535824"
1328,ROCHELLE AT NEWTON,"188 Keng Lee Road, 308414"
1329,ROSALIA PARK,"36 Lorong Ong Lye, 536406"
1330,ROSE COURT,"17 Rose Lane, 437377"
1331,ROSE MAISON,"10 Haig Avenue, 438865"
1332,ROSE VILLE,"2 Rose Lane, 437384"
1333,ROSELANE COURT,"6 Rose Lane, 437364"
1334,ROSEVALE,"32 Lincoln Road, 308362"
1335,ROSEWOOD,"1 Rosewood Drive, 737934"
1336,ROSEWOOD SUITES,"61 Rosewood Drive, 737873"
1337,ROSYTH LODGE,"5 Rosyth Road, 546143"
1338,ROSYTH RESIDENCE,"37 Rosyth Road, 5462"
1339,ROSYTH VILLE,"3 Rosyth Road, 546134"
1340,ROYAL COURT,"3 Jalan Rajawali, 598436"
1341,ROYAL PALM MANSIONS,"330 Pasir Panjang Road, 118655"
1342,ROYALE MANSIONS,"5 Pulasan Road, 424373"
1343,ROYCE RESIDENCES,"8 Lorong 6 Geylang, 399242"
1344,RV EDGE,"2 Shanghai Road, 248209"
1345,RV RESIDENCES,"461 River Valley Road, 248346"
1346,RV SUITES,"396 River Valley Road, 248289"
1347,RYMDEN 77,"77 Lorong H Telok Kurau, 426094"
1348,SAI HO BUILDING,"777 Upper Serangoon Road, 534645"
1349,SALLIM LODGE,"20 Sallim Road, 387635"
1350,SAM KIANG MANSIONS,"23 Saint Thomas Walk, 238108"
1351,SAM LEONG MANSION,"21 Sam Leong Road, 207912"
1352,SANCTUARY @ 813,"813 Upper Serangoon Road, 534085"
1353,SANCTUARY GREEN,"181 Tanjong Rhu Road, 436922"
1354,SANDY EIGHT,"8 Sandy Lane, 437324"
1355,SANDY PALM,"163 Jalan Loyang Besar, 509413"
1356,SAPPHIRE COURT,"62 Lorong K Telok Kurau, 425672"
1357,SARHAD VILLE,"45 Lorong Sarhad, 119161"
1358,SARKIES GARDENS,"7 Sarkies Road, 258127"
1359,SARKIES GREEN,"10 Sarkies Road, 258129"
1360,SARKIES MANSIONS,"9 Sarkies Road, 258128"
1361,SAVANNAH CONDOPARK,"31 Simei Rise, 528779"
1362,SCENIC HEIGHTS,"245 Balestier Road, 329929"
1363,SCK VILLE,"2 Haig Avenue, 43884"
1364,SCOTTS 28,"28 Scotts Road, 228223"
1365,SCULPTURA ARDMORE,"8 Ardmore Park, 259963"
1366,SEA AVENUE MANSIONS,"24 Sea Avenue, 424244"
1367,SEA AVENUE RESIDENCES,"11 Sea Avenue, 424228"
1368,SEA ESTA,"26 Pasir Ris Link, 518145"
1369,SEA HORIZON,"1 Pasir Ris Rise, 51808"
1370,SEAHILL,"93 West Coast Crescent, 126764"
1371,SEASCAPE,"55 Cove Way, 98307"
1372,SEASONS PARK,"491 Yio Chu Kang Road, 787078"
1373,SEASONS VIEW,"5 Pemimpin Drive, 576149"
1374,SEASTRAND,"11 Pasir Ris Link, 51818"
1375,SEASUITES,"252 Pasir Panjang Road, 118617"
1376,SEAVIEW POINT,"15 Amber Road, 439865"
1377,SELANTING GREEN,"1 Jalan Selanting, 598368"
1378,SELEGIE COURT,"145 Selegie Road, 188312"
1379,SELETAR PARK RESIDENCE,"17 Seletar Road, 807019"
1380,SELETAR SPRINGS CONDOMINIUM,"100 Gerald Drive, 798592"
1381,SELETARIS,"501 Sembawang Road, 757706"
1382,SEMBAWANG COTTAGE,"369 Sembawang Road, 758382"
1383,SEMBAWANG GARDEN ARCADE,"1 Sembong Road, 758326"
1384,SERAYA 9,"9 Seraya Lane, 437276"
1385,SERAYA BREEZE,"3 Seraya Road, 437235"
1386,SERAYA COURT,"10 Seraya Lane, 437277"
1387,SERAYA LODGE,"21 Seraya Road, 437257"
1388,SERAYA VILLE,"11 Seraya Lane, 437278"
1389,SERENITY BREEZE,"98 Lorong J Telok Kurau, 425927"
1390,SETIA RESIDENCES,"11 Evelyn Road, 309304"
1391,SEVEN PALMS SENTOSA COVE,"153 Cove Drive, 98182"
1392,SEVENTY SAINT PATRICK'S,"70 St. Patricks Road, 424175"
1393,SHAN GATE,"2 Shan Road, 328103"
1394,SHANGHAI LODGE,"38 Shanghai Road, 248201"
1395,SHANGHAI ONE,"1 Shanghai Road, 24818"
1396,SHANGHAI ROAD,"7 Shanghai Road, 248181"
1397,SHAW PLAZA - TWIN HEIGHTS,"350 Balestier Road, 329779"
1398,SHEARES VILLE,"9 Holt Road, 249446"
1399,SHEBA LODGE,"28 Carpmael Road, 429777"
1400,SHELFORD COURT,"23 Shelford Road, 288413"
1401,SHELFORD GREEN,"9 Shelford Road, 288352"
1402,SHELFORD MANSIONS,"27 Shelford Road, 288421"
1403,SHELFORD REGENCY,"65 Shelford Road, 288455"
1404,SHELFORD VIEW,"26 Shelford Road, 28842"
1405,SHERIDAN COURT,"80 Lorong N Telok Kurau, 42523"
1406,SHERWOOD CONDOMINIUM,"169 Jalan Jurong Kechil, 598669"
1407,SHIRO,"38 Lorong H Telok Kurau, 426025"
1408,SHREWSBURY ROAD,"2 Shrewsbury Road, 307807"
1409,SIGLAP COURT,"8 Siglap Road, 455839"
1410,SIGLAP LODGE,"95 Upper East Coast Road, 455231"
1411,SIGLAP V,"2 First Street, 458278"
1412,SIGNATURE AT LEWIS,"1 Lewis Road, 258617"
1413,SIGNATURE AT YISHUN,"29 Yishun Street 51, 767989"
1414,SIGNATURE CREST,"9 Gray Lane, 438951"
1415,SIGNATURE RESIDENCE,"11 Green Lane, 438916"
1416,SILAHIS APARTMENTS,"121 Lorong K Telok Kurau, 425762"
1417,SILVERSCAPE,"39 Lorong 32 Geylang, 398299"
1418,SILVERSEA,"46 Marine Parade Road, 449305"
1419,SIMEI GREEN CONDOMINIUM,"1 Simei Street 4, 529861"
1420,SIMON PLAZA,"2 Kovan Road, 548008"
1421,SIMS AVENUE,"24 Sims Avenue, 387406"
1422,SIMS DORADO,"11 Lorong 39 Geylang, 387869"
1423,SIMS EDGE,"1 Geylang East Avenue 2, 38976"
1424,SIMS GREEN,"7 Lorong 27a Geylang, 388133"
1425,SIMS MEADOWS,"8 Lorong 33 Geylang, 387977"
1426,SIMS POINT,"4 Lorong 19 Geylang, 388489"
1427,SIMS RESIDENCES,"8 Lorong 39 Geylang, 387882"
1428,SIMS URBAN OASIS,"2 Sims Drive, 387386"
1429,SIMSVILLE,"2 Geylang East Avenue 2, 389754"
1430,SIN MING PLAZA,"2 Sin Ming Road, 575583"
1431,SING LIAN BUILDING,"386 Changi Road, 419835"
1432,SINGA COURT,"31 Jalan Singa, 418108"
1433,SINGA HILLS,"33 Jalan Singa, 418109"
1434,SIXTEEN35 RESIDENCES,"16 Lorong 35 Geylang, 387946"
1435,SIXTH AVENUE CENTRE,"805 Bukit Timah Road, 279883"
1436,SIXTH AVENUE VILLE,"43 Sixth Avenue, 276484"
1437,SKIES MILTONIA,"3 Miltonia Close, 768049"
1438,SKT MANSIONS,"38 Lorong 25 Geylang, 388307"
1439,SKY @ ELEVEN,"5 Thomson Lane, 297724"
1440,SKY GREEN,"568 Macpherson Road, 368236"
1441,SKY HABITAT,"7 Bishan Street 15, 573908"
1442,SKY VUE,"1 Bishan Street 15, 57391"
1443,SKYLINE 360 @ ST THOMAS WALK,"70 St. Thomas Walk, 238142"
1444,SKYLINE @ ORCHARD BOULEVARD,"23 Angullia Park, 239975"
1445,SKYLINE RESIDENCES,"610 Telok Blangah Road, 109025"
1446,SKYPARK,"22 Saint Thomas Walk, 238107"
1447,SKYPARK RESIDENCES,"19 Sembawang Crescent, 757052"
1448,SKYSUITES 17,"17 Jalan Rajah, 329137"
1449,SMAILING COURT,"52 Lorong Mydin, 416851"
1450,SMART SUITES,"302 Sims Avenue, 387516"
1451,SOL ACRES,"8 Choa Chu Kang Grove, 688206"
1452,SOMMERVILLE GRANDEUR,"1 Farrer Drive, 259275"
1453,SOMMERVILLE LOFT,"7 Sommerville Walk, 358178"
1454,SOMMERVILLE PARK,"15 Sommerville Estate Road, 258022"
1455,SOMMERVILLE REGENCY,"22 Lorong Selangat, 358716"
1456,SONG LANG GREEN,"48 Koon Seng Road, 426983"
1457,SOPHIA 98,"98 Sophia Road, 228165"
1458,SOUTHAVEN II,"31 Hindhede Walk, 587967"
1459,SPACE @ KOVAN,"9 Yio Chu Kang Road, 545523"
1460,SPANISH VILLAGE,"56 Farrer Road, 268844"
1461,SPAZIO @ KOVAN,"767 Upper Serangoon Road, 534635"
1462,SPOTTISWOODE 18,"18 Spottiswoode Park Road, 88642"
1463,SPOTTISWOODE RESIDENCES,"48 Spottiswoode Park Road, 8866"
1464,SPOTTISWOODE SUITES,"16 Spottiswoode Park Road, 88661"
1465,SPRING @ KATONG,"18 Ceylon Road, 429748"
1466,SPRING @ LANGSAT,"5 Langsat Road, 426691"
1467,SPRING GARDENS,"141 Haig Road, 438769"
1468,SPRING GROVE,"53 Grange Road, 249565"
1469,SPRING MANSION,"574 Balestier Road, 329889"
1470,SPRING RESIDENCES,"25 Ewe Boon Road, 259329"
1471,SPRINGVALE,"907 East Coast Road, 459107"
1472,SPRINGWELL MANSIONS,"19 Jalan Haji Salam, 468786"
1473,ST FRANCIS COURT,"90 Saint Francis Road, 328071"
1474,ST PATRICK'S LOFT,"41 St. Patricks Road, 424164"
1475,ST PATRICK'S RESIDENCES,"60 St. Patricks Road, 423467"
1476,ST THOMAS COURT,"40 St. Thomas Walk, 23812"
1477,ST THOMAS SUITES,"33 St. Thomas Walk, 238113"
1478,ST. FRANCIS LODGE,"98 St. Francis Road, 328074"
1479,ST. MARTIN RESIDENCE,"2 St. Martins Drive, 257989"
1480,ST. THOMAS VILLE,"38 St. Thomas Walk, 238118"
1481,STADIA,"27 Yio Chu Kang Road, 545542"
1482,STARLIGHT SUITES,"11 River Valley Close, 238437"
1483,STARPOINT,"319 Pasir Panjang Road, 118653"
1484,STARS OF KOVAN,"984 Upper Serangoon Road, 533854"
1485,STARVILLE,"60 Lengkong Tiga, 417454"
1486,STELLAR RV,"408 River Valley Road, 248306"
1487,STEVENS COURT,"88 Stevens Road, 257865"
1488,STEVENS LOFT,"6 Stevens Drive, 257902"
1489,STEVENS ROAD,"1 Stevens Road, 257813"
1490,STEVENS SUITES,"2 Stevens Close, 25794"
1491,STILL 123,"123 Langsat Road, 426775"
1492,STILL MANSIONS,"2 Still Road, 42395"
1493,STILLZ RESIDENCE,"21 Lorong 108 Changi, 426411"
1494,STRAITS MANSIONS,"26 Sea Avenue, 424246"
1495,STRAITS RESIDENCES,"156 Joo Chiat Place, 427884"
1496,STRATA,"1 Essex Road, 309329"
1497,STRATUM,"80 Elias Road, 519945"
1498,STUDIO 3,"28 Shanghai Road, 248196"
1499,STUDIO8,"8 Jalan Ayer, 389144"
1500,STUDIOS @ MARNE,"2 Marne Road, 208393"
1501,STUDIOS@TEMBELING,"233 Tembeling Road, 423718"
1502,STURDEE RESIDENCES,"10 Beatty Road, 209955"
1503,STURDEE VIEW,"60 Sturdee Road North, 207851"
1504,SUFFOLK PREMIER,"3 Suffolk Road, 307781"
1505,SUI GENERIS,"19 Balmoral Crescent, 259916"
1506,SUITES 123,"123 Rangoon Road, 218401"
1507,SUITES @ AMBER,"30 Amber Road, 439874"
1508,SUITES @ BRADDELL,"56 Braddell Road, 359965"
1509,SUITES @ CHANGI,"226 Changi Road, 419741"
1510,SUITES @ EASTCOAST,"171 Upper East Coast Road, 455273"
1511,SUITES @ EUNOS,"1 Jalan Yasin, 417958"
1512,SUITES @ GUILLEMARD,"70 Lim Ah Woo Road, 438133"
1513,SUITES @ KATONG,"263 Tanjong Katong Road, 43705"
1514,SUITES @ KOVAN,"981 Upper Serangoon Road, 534729"
1515,SUITES @ NEWTON,"1 Surrey Road, 30774"
1516,SUITES @ OWEN,"122 Owen Road, 218926"
1517,SUITES @ PAYA LEBAR,"420 Upper Paya Lebar Road, 534049"
1518,SUITES @ SHREWSBURY,"84 Shrewsbury Road, 307842"
1519,SUITES @ SIMS,"468 Sims Avenue, 387544"
1520,SUITES @ SURREY,"6 Surrey Road, 307745"
1521,SUITES @ TOPAZ,"3 Topaz Road, 327849"
1522,SUITES AT BUKIT TIMAH,"68 Jalan Jurong Kechil, 59618"
1523,SUITES TWENTY-TWO,"25 Lorong G Telok Kurau, 426194"
1524,SUITES@BRADDELL,"56 Braddell Road, 359965"
1525,SUMMER GREEN,"11 Boon Teck Road, 329585"
1526,SUMMER SCENT,"11 Kang Choo Bin Road, 548315"
1527,SUMMERDALE,"2 Boon Lay Drive, 649925"
1528,SUN COURT,"21 Lorong Kilat, 598123"
1529,SUN PLAZA,"30 Sembawang Drive, 757713"
1530,SUNBIRD VIEW,"183 Sunbird Road, 48722"
1531,SUNDANCE SUITES,"12 Duku Place, 429287"
1532,SUNDANCE VISTA,"111 Koon Seng Road, 427046"
1533,SUNFLOWER COURT,"30 Lorong 6 Geylang, 399182"
1534,SUNFLOWER GRANDEUR,"31 Lorong 39 Geylang, 387878"
1535,SUNFLOWER LODGE,"9 Lorong 34 Geylang, 398207"
1536,SUNFLOWER MANSIONS,"17 Lorong 26 Geylang, 398489"
1537,SUNFLOWER REGENCY,"37 Lorong 20 Geylang, 398753"
1538,SUNFLOWER RESIDENCE,"45 Lorong 32 Geylang, 398305"
1539,SUNFLOWER VIEW,"30 Lorong 36 Geylang, 398162"
1540,SUNGEI TENGAH LODGE,"516 Old Choa Chu Kang Road, 698607"
1541,SUNGLADE,"1 Serangoon Avenue 2, 55613"
1542,SUNHAVEN,"781 Upper Changi Road East, 486069"
1543,SUNNY LODGE,"6 Lorong Salleh, 416756"
1544,SUNNY PALMS,"65 Lorong G Telok Kurau, 426323"
1545,SUNNY PARC,"128 Lorong K Telok Kurau, 425767"
1546,SUNNYVALE RESIDENCES,"132 Lorong K Telok Kurau, 42579"
1547,SUNRISE GARDENS,"51 Sunrise Avenue, 806745"
1548,SUNSET LODGE,"7 Sunset Close, 597522"
1549,SUNSHINE GRANDEUR,"63 Lorong K Telok Kurau, 425673"
1550,SUNSHINE GROVE,"2 Jalan Labu Merah, 537972"
1551,SUNSHINE LODGE,"510 Upper Serangoon Road, 53453"
1552,SUNSHINE LOFT,"2 Lorong L Telok Kurau, 4256"
1553,SUNSHINE MANSIONS,"289 Joo Chiat Place, 42797"
1554,SUNSHINE REGENCY,"11 Rambai Road, 424331"
1555,SUNSHINE RESIDENCE,"61 Lorong K Telok Kurau, 425671"
1556,SUTTON PLACE,"26 Farrer Road, 26883"
1557,SYCAMORE TREE,"2 Fowlie Road, 428505"
1558,SYLVAN LODGE,"143 Holland Road, 278575"
1559,SYMPHONY SUITES,"1 Yishun Close, 768004"
1560,TAIPAN GRAND,"501 Marine Parade Road, 449303"
1561,TAIPAN JADE,"1 Rose Lane, 437386"
1562,TAIPAN REGENCY,"161 Haig Road, 438772"
1563,TAN TONG MENG TOWER,"370 Thomson Road, 298128"
1564,TANAH MERAH MANSION,"137 Tanah Merah Kechil Road South, 466671"
1565,TANAMERA CREST,"6 Pari Dedap Walk, 48606"
1566,TANGERINE GROVE,"3 Paya Lebar Crescent, 534239"
1567,TANGLIN HILL CONDOMINIUM,"2 Tanglin Walk, 247876"
1568,TANGLIN HILL MEADOWS,"1 Tanglin Hill, 248018"
1569,TANGLIN PARK,"1 Ridley Park, 248466"
1570,TANGLIN REGENCY,"381 Tanglin Road, 247965"
1571,TANGLIN RESIDENCES,"23 Saint Martin's Drive, 258004"
1572,TANGLIN VIEW,"150 Prince Charles Crescent, 159012"
1573,TELOK BLANGAH HOUSE,"52 Telok Blangah Road, 98829"
1574,TELOK KURAU LODGE,"57 Lorong H Telok Kurau, 426065"
1575,TELOK KURAU MANSION,"38 Lorong L Telok Kurau, 425445"
1576,TELOK KURAU VIEW,"70 Lorong K Telok Kurau, 425687"
1577,TELOK MANSION,"233 Telok Kurau Road, 423838"
1578,TEMBELINA,"184 Tembeling Road, 423683"
1579,TEMBELING CENTRE,"252 Tembeling Road, 423731"
1580,TEMBELING COURT,"86 Tembeling Road, 423596"
1581,TEMBELING GROVE,"238 Tembeling Road, 423722"
1582,TEMBELING LODGE,"196 Tembeling Road, 423691"
1583,TEMBELING MANSIONS,"230 Tembeling Road, 423742"
1584,TEMBELING RESIDENCE,"246 Tembeling Road, 423725"
1585,TEN @ SUFFOLK,"10 Suffolk Road, 307786"
1586,TERESA VILLE,"1001 Lower Delta Road, 99307"
1587,TERRACE VIEW,"362 Onan Road, 424758"
1588,TERRASSE,"21 Terrasse Lane, 544774"
1589,TERRENE AT BUKIT TIMAH,"111 Jalan Jurong Kechil, 598674"
1590,TESSA LODGE,"831 Mountbatten Road, 437824"
1591,TEXTILE CENTRE,"200 Jalan Sultan, 199018"
1592,TG MANSION,"87 Lorong H Telok Kurau, 426102"
1593,THE ABODE AT DEVONSHIRE,"9 Devonshire Road, 239895"
1594,THE ACACIAS,"21 Sommerville Road, 358246"
1595,THE ADARA,"9 Chapel Road, 429515"
1596,THE ALCOVE,"10 Lorong 27 Geylang, 388199"
1597,THE AMARELLE,"49 Lim Ah Woo Road, 438128"
1598,THE AMBRA,"97 Lorong H Telok Kurau, 426117"
1599,THE AMBROSIA,"106 Lorong N Telok Kurau, 425261"
1600,THE AMERALD STUDIO,"1 Seraya Lane, 437297"
1601,THE AMERY,"16 Lorong K Telok Kurau, 425612"
1602,THE AMORE,"55 Edgedale Plains, 828679"
1603,THE AMSTON,"130 Hillview Avenue, 669596"
1604,THE ANSLEY,"33 Mandalay Road, 308214"
1605,THE ARC AT DRAYCOTT,"5 Draycott Drive, 25942"
1606,THE ARCADIA,"235 Arcadia Road, 289843"
1607,THE ARIEL,"31 Lorong 105 Changi, 426536"
1608,THE ARMADALE,"60 Gilstead Road, 309104"
1609,THE ARTE,"21 Jalan Raja Udang, 329215"
1610,THE ASTERIA,"9 Martia Road, 424796"
1611,THE ASTON,"2 Kay Poh Road, 248973"
1612,THE ATELIER,"2 Makeway Avenue, 228599"
1613,THE ATRIA AT MEYER,"61 Meyer Road, 437885"
1614,THE AXIS,"47 Mandalay Road, 308227"
1615,THE AZURE,"203 Ocean Drive, 98583"
1616,THE AZZURO,"113 Lorong H Telok Kurau, 42614"
1617,THE BALE,"8 Lorong H Telok Kurau, 425991"
1618,THE BALMORAL,"14 Balmoral Park, 259846"
1619,THE BALMORAL SPRING,"3 Balmoral Crescent, 259888"
1620,THE BAYRON,"49 Saint Thomas Walk, 23814"
1621,THE BAYSHORE,"22 Bayshore Road, 46997"
1622,THE BEACON,"130 Cantonment Road, 89775"
1623,THE BEACON EDGE,"250 Tembeling Road, 423728"
1624,THE BEAUMONT,"145 Devonshire Road, 239893"
1625,THE BECCAGAYLE,"15 Lorong N Telok Kurau, 425142"
1626,THE BELLEFORTE,"4 Ah Hood Road, 329973"
1627,THE BELMONT,"1 Belmont Road, 269852"
1628,THE BELVEDERE,"51 Meyer Road, 437874"
1629,THE BENTLY RESIDENCES @ KOVAN,"28 Kovan Road, 544694"
1630,THE BEVERLY,"45 Toh Tuck Road, 59672"
1631,THE BOTANIC ON LLOYD,"25 Lloyd Road, 239101"
1632,THE BOULEVARD RESIDENCE,"6 Cuscaden Walk, 249691"
1633,THE BOUTIQ,"145 Killiney Road, 239565"
1634,THE BROOKS I,"60 Springside Walk, 78602"
1635,THE BROWNSTONE,"160 Canberra Drive, 767999"
1636,THE CAIRNHILL,"4 Cairnhill Rise, 22974"
1637,THE CALLISTA,"22 Mar Thoma Road, 328702"
1638,THE CALROSE,"511 Yio Chu Kang Road, 787066"
1639,THE CALYPSO,"500 Upper East Coast Road, 46554"
1640,THE CANOPY,"71 Yishun Avenue 11, 768858"
1641,THE CAPE,"25 Amber Road, 439872"
1642,THE CAPRI,"78 Stevens Road, 257864"
1643,THE CARPMAELINA,"48 Carpmael Road, 429974"
1644,THE CASCADIA,"921 Bukit Timah Road, 589624"
1645,THE CASSANDRA,"132 Pasir Panjang Road, 118549"
1646,THE CENTREN,"1 Lorong 27 Geylang, 388153"
1647,THE CENTRIO,"53 Irrawaddy Road, 329552"
1648,THE CENTRIS,"65 Jurong West Central 3, 648332"
1649,THE CHAMPAGNE,"380 Changi Road, 419832"
1650,THE CHUAN,"31 Lorong Chuan, 55682"
1651,THE CITRINE,"18 Jalan Datoh, 329415"
1652,THE CITRON RESIDENCES,"1 Marne Road, 20838"
1653,THE CLAYMORE,"25 Claymore Road, 229543"
1654,THE CLAYTON,"36 Ewe Boon Road, 259333"
1655,THE CLEARWATER,"2 Bedok Reservoir View, 479232"
1656,THE CLEMENT CANOPY,"16 Clementi Avenue 1, 12996"
1657,THE CLIFT,"21 Mccallum Street, 69047"
1658,THE CLYDESWOOD,"2 Daisy Road, 359425"
1659,THE COAST AT SENTOSA COVE,"276 Ocean Drive, 98449"
1660,THE COLONNADE,"82 Grange Road, 249587"
1661,THE COMMODORE,"65 Canberra Drive, 769307"
1662,THE CORNWALL,"2 Cornwall Gardens, 269632"
1663,THE COSMOPOLITAN,"200 Kim Seng Road, 239471"
1664,THE COTERIE @ HOLLAND,"72 Holland Road, 25887"
1665,THE COTZ,"171 Telok Kurau Road, 423824"
1666,THE COURTYARD,"6 Lim Ah Pin Road, 547822"
1667,THE CREEK @ BUKIT,"17 Toh Tuck Road, 596155"
1668,THE CREST,"101 Prince Charles Crescent, 159017"
1669,THE CRISTALLO,"70 Lorong K Telok Kurau, 425687"
1670,THE CRITERION,"7 Yishun Street 51, 767969"
1671,THE DAFFODIL,"568 Upper East Coast Road, 466584"
1672,THE DAIRY FARM,"3 Dairy Farm Road, 679035"
1673,THE DEW,"30 Bukit Batok Street 21, 659636"
1674,THE DRAYCOTT,"34 Draycott Park, 259388"
1675,THE EASTSIDE,"507 Joo Chiat Road, 427693"
1676,THE EBONY,"35 Lorong Marican, 417216"
1677,THE EDEN AT TAMPINES,"21 Tampines Street 34, 529232"
1678,THE EDGE ON CAIRNHILL,"130 Cairnhill Road, 229717"
1679,THE EDGEWATER,"211 Jalan Loyang Besar, 509504"
1680,THE ELEGANCE @ CHANGI,"30 Lorong 107 Changi, 426446"
1681,THE ELEMENT @ STEVENS,"72 Stevens Road, 257873"
1682,THE ELYSIA,"6 Mar Thoma Road, 328688"
1683,THE EQUATORIAL,"151 Stevens Road, 257872"
1684,THE ESPARIS,"7 Pasir Ris Drive 4, 519459"
1685,THE ESPIRA,"128 Lorong L Telok Kurau, 425563"
1686,THE ESTA,"35 Amber Gardens, 439966"
1687,THE ESTIVA,"313 Pasir Panjang Road, 117482"
1688,THE ESTRELLA,"342 Pasir Panjang Road, 118676"
1689,THE ESTUARY,"85 Yishun Avenue 1, 769132"
1690,THE FERNHILL,"1 Fernhill Road, 259049"
1691,THE FLORAVALE,"218 Westwood Avenue, 648351"
1692,THE FLORENTINE,"68 Florence Road, 549555"
1693,THE FLORIDA,"78 Hougang Avenue 7, 53426"
1694,THE FOLIAGE,"370 Pasir Panjang Road, 118707"
1695,THE FORD @ HOLLAND,"1 Ford Avenue, 268685"
1696,THE FORESTA @ MOUNT FABER,"100 Wishart Road, 98748"
1697,THE GALE,"64 Flora Road, 506911"
1698,THE GARDEN RESIDENCES,"1 Serangoon North View, 554343"
1699,THE GARDENS AT BISHAN,"1 Sin Ming Walk, 575574"
1700,THE GERANIUM,"33 Mangis Road, 424968"
1701,THE GLACIER,"260 Joo Chiat Place, 427941"
1702,THE GLADES,"12 Bedok Rise, 465407"
1703,THE GLENCAIRD RESIDENCES,"11 White House Park, 25763"
1704,THE GLYNDEBOURNE,"38 Trevose Crescent, 297722"
1705,THE GRANDHILL,"39 Pasir Panjang Hill, 11886"
1706,THE GRANDIFLORA,"121 Lorong L Telok Kurau, 425554"
1707,THE GRANGE,"1 Grange Garden, 249631"
1708,THE GREENWICH,"3 Seletar Road, 807012"
1709,THE HACIENDA,"1 Hacienda Grove, 457908"
1710,THE HELICONIA,"30 Jalan Daud, 419572"
1711,THE HERMITAGE,"2 Sarkies Road, 258117"
1712,THE HILLFORD,"178 Jalan Jurong Kechil, 59615"
1713,THE HOLLAND COLLECTION,"53 Holland Road, 258859"
1714,THE HORIZON,"1 Holt Road, 249441"
1715,THE INFLORA,"59 Flora Drive, 506846"
1716,THE INTERWEAVE,"21 Kim Keat Road, 328805"
1717,THE JADE,"9 Bukit Batok Central Link, 658074"
1718,THE JOVELL,"19 Flora Drive, 50676"
1719,THE LADYHILL,"1 Lady Hill Road, 25867"
1720,THE LAKEFRONT RESIDENCES,"48 Lakeside Drive, 648305"
1721,THE LAKESHORE,"29 Jurong West Street 41, 649411"
1722,THE LANAI,"140 Hillview Avenue, 6696"
1723,THE LAURELS,"38 Cairnhill Road, 229658"
1724,THE LEGACY,"455 Bukit Timah Road, 25975"
1725,THE LEGEND,"361 Bukit Timah Road, 259725"
1726,THE LENOX,"396 Changi Road, 419845"
1727,THE LEVELZ,"38 Farrer Road, 268836"
1728,THE LILIUM,"25 How Sun Road, 538497"
1729,THE LINC,"7 Lincoln Road, 308346"
1730,THE LINCOLN MODERN,"20 Lincoln Road, 308353"
1731,THE LINCOLN RESIDENCES,"28 Surrey Road, 307762"
1732,THE LINE @ TANJONG RHU,"6 Tanjong Rhu Road, 436883"
1733,THE LINEAR,"880 Upper Bukit Timah Road, 678181"
1734,THE LOFT,"22 Nassim Hill, 258468"
1735,THE LUCENT,"99 Lorong N Telok Kurau, 425251"
1736,THE LUMOS,"9 Leonie Hill, 23922"
1737,THE LUXE,"6 Handy Road, 229234"
1738,THE LUXURIE,"11 Compassvale Road, 544749"
1739,THE MADEIRA,"50 Bukit Batok Street 31, 659442"
1740,THE MAKENA,"121 Meyer Road, 437932"
1741,THE MARBELLA,"29 Mount Sinai Rise, 276952"
1742,THE MARQ ON PATERSON HILL,"8 Paterson Hill, 238567"
1743,THE MARQUE @ IRRAWADDY,"8 Shan Road, 328108"
1744,THE MAYFAIR,"1 Jurong East Street 32, 609477"
1745,THE MEDLEY,"66 Lorong G Telok Kurau, 426248"
1746,THE MERASAGA,"23 Jalan Merah Saga, 278102"
1747,THE MERCURY,"38 Shanghai Road, 248201"
1748,THE MERLOT,"101 Keng Lee Road, 219261"
1749,THE METROPOLITAN,"6 Alexandra View, 158746"
1750,THE METZ,"83 Devonshire Road, 239864"
1751,THE MEYERISE,"97 Meyer Road, 437918"
1752,THE MEZZO,"205 Balestier Road, 329682"
1753,THE MIDAS,"20 Lorong 30 Geylang, 398352"
1754,THE MILTONIA RESIDENCES,"520 Miltonia Close, 768104"
1755,THE MINT RESIDENCES,"178 Joo Chiat Terrace, 427324"
1756,THE MKZ,"131 Mackenzie Road, 228714"
1757,THE MONTAGE,"50 Lorong M Telok Kurau, 425342"
1758,THE MONTANA,"8 Jalan Mutiara, 249188"
1759,THE MORNING GLORY,"24 Sirat Road, 545782"
1760,THE MORNINGSIDE,"1 Jalan Kuala, 239639"
1761,THE NAUTICAL,"91 Jalan Sendudok, 769471"
1762,THE NAVIAN,"178 Jalan Eunos, 41953"
1763,THE NCLAVE,"81 Lorong N Telok Kurau, 425231"
1764,THE NEXUS,"951 Bukit Timah Road, 58965"
1765,THE OCEANFRONT @ SENTOSA COVE,"281 Ocean Drive, 98527"
1766,THE OCTET,"23 Lorong 24 Geylang, 398628"
1767,THE OLD HOUSE,"1011 Upper Serangoon Road, 534749"
1768,THE ORANGE GROVE,"36 Orange Grove Road, 258363"
1769,THE ORIENT,"251 Pasir Panjang Road, 11861"
1770,THE PALETTE,"111 Pasir Ris Grove, 51817"
1771,THE PALLADIUM,"20 Brooke Road, 429984"
1772,THE PANORAMA,"8 Ang Mo Kio Avenue 2, 567695"
1773,THE PARC CONDOMINIUM,"3 West Coast Walk, 12714"
1774,THE PATERSON,"63 Paterson Road, 238539"
1775,THE PATERSON EDGE,"26 Paterson Road, 238518"
1776,THE PEAK,"33 Pepys Road, 118454"
1777,THE PEAK @ BALMEG,"5 Balmeg Hill, 119913"
1778,THE PEAK @ CAIRNHILL I,"51 Cairnhill Circle, 229784"
1779,THE PEAK @ CAIRNHILL II,"61 Cairnhill Circle, 229789"
1780,THE PEARL @ MOUNT FABER,"3 Mount Faber Road, 99196"
1781,THE PETALS,"85 Hillview Avenue, 669587"
1782,THE PRINCETON,"2 Ewe Boon Road, 259313"
1783,THE PROMINENCE,"101 Haig Road, 438749"
1784,THE PROMONT,"63 Cairnhill Circle, 22979"
1785,THE QUARTZ,"51 Compassvale Bow, 544984"
1786,THE QUINN,"9 Bartley Road, 539763"
1787,THE RAINFOREST,"331 Choa Chu Kang Avenue 3, 689869"
1788,THE REGALIA,"2 River Valley Close, 238428"
1789,THE REGENCY AT TIONG BAHRU,"36 Chay Yan Street, 169905"
1790,THE RESIDENCES AT W SINGAPORE SENTOSA COVE,"1 Ocean Way, 98367"
1791,THE RICHMOND,"7 Saint Michael's Road, 32795"
1792,THE RITZ-CARLTON RESIDENCES,"65 Cairnhill Road, 229721"
1793,THE RIVERVALE,"1 Rivervale Link, 545118"
1794,THE SANCTUARY @ GEYLANG,"1 Lorong 30 Geylang, 398342"
1795,THE SANTORINI,"23 Tampines Street 86, 528568"
1796,THE SCALA,"138 Serangoon Avenue 3, 554475"
1797,THE SCENIC @ BRADDELL,"52 Braddell Road, 359944"
1798,THE SCOTTS TOWER,"38 Scotts Road, 22824"
1799,THE SEAFRONT ON MEYER,"57 Meyer Road, 437878"
1800,THE SENSORIA,"1 Jalan Ulu Sembawang, 75893"
1801,THE SENTINEL,"3 Surrey Road, 307743"
1802,THE SERENADE @ HOLLAND,"371 Holland Road, 278698"
1803,THE SERENNIA,"16 Pulasan Road, 424382"
1804,THE SERENNO,"103 Haig Road, 43875"
1805,THE SHORE RESIDENCES,"81 Amber Road, 439893"
1806,THE SIENA,"31 Tan Kim Cheng Road, 26663"
1807,THE SIERRA,"80 Mount Sinai Drive, 277125"
1808,THE SILVER FIR,"9 Butterworth Lane, 439424"
1809,THE SILVERTON,"16 Haig Lane, 438818"
1810,THE SIXTH AVENUE RESIDENCES,"160 Sixth Avenue, 276537"
1811,THE SORRENTO,"55 West Coast Road, 127365"
1812,THE SOUND,"539 East Coast Road, 429069"
1813,THE SOVEREIGN,"99 Meyer Road, 43792"
1814,THE SPECTRUM,"507 Pasir Panjang Road, 117503"
1815,THE SPINNAKER,"13 Suffolk Road, 307788"
1816,THE SPRINGBLOOM,"139 Serangoon Avenue 3, 556119"
1817,THE SPRINGS,"3 Moulmein Rise, 308144"
1818,THE STRADIA,"78 Yio Chu Kang Road, 545571"
1819,THE SUMMIT,"451 Upper East Coast Road, 466499"
1820,THE SUNNIDORA,"46 Lorong G Telok Kurau, 426223"
1821,THE SUNNIFLORA,"48 Lorong G Telok Kurau, 426231"
1822,THE SUNNY LEGEND,"85 Lorong H Telok Kurau, 4261"
1823,THE SUNNY SPRING,"50 Lorong 40 Geylang, 398074"
1824,THE SUNNYDALE,"21 Serangoon Avenue 3, 556124"
1825,THE SUNSHINE,"1 Sunshine Terrace, 535689"
1826,THE TAIPAN,"25 Jalan Hajijah, 468721"
1827,THE TAMPINES TRILLIANT,"21 Tampines Central 7, 528608"
1828,THE TANAMERA,"1 Tanah Merah Kechil Road, 466663"
1829,THE TAPESTRY,"59 Tampines Street 86, 528509"
1830,THE TATE RESIDENCES,"21 Claymore Road, 229545"
1831,THE TERRACE,"88 Edgedale Plains, 828684"
1832,THE TESSARINA,"20 Wilby Road, 276305"
1833,THE TIER,"28 Pegu Road, 328373"
1834,THE TOPIARY,"11 Fernvale Lane, 797495"
1835,THE TREELINE,"110 Lorong G Telok Kurau, 426313"
1836,THE TRESOR,"26 Duchess Road, 269029"
1837,THE TREVOSE,"56 Trevose Crescent, 298088"
1838,THE TRILINQ,"28 Jalan Lempeng, 128807"
1839,THE TRILLIUM,"112 Kim Seng Road, 239432"
1840,THE TRIZON,"2 Ridgewood Close, 276693"
1841,THE TROPIC GARDENS,"332 Upper East Coast Road, 466456"
1842,THE TROPICA,"51 Tampines Avenue 1, 529771"
1843,THE TRUMPS,"1 Jalan Kembangan, 419154"
1844,THE TWINS,"6 Balmoral Crescent, 259896"
1845,THE URBANITE,"29 Hertford Road, 219384"
1846,THE VALES,"79 Anchorvale Crescent, 544624"
1847,THE VANDERLINT,"87 Ceylon Road, 429665"
1848,THE VANTAGE,"6 Orange Grove Road, 258331"
1849,THE VERMONT ON CAIRNHILL,"12 Cairnhill Rise, 229745"
1850,THE VERTE,"118 Lorong H Telok Kurau, 426146"
1851,THE VERV @ RV,"348 River Valley Road, 238374"
1852,THE VERVE,"23 Jalan Rajah, 329138"
1853,THE VESTA,"112 Lorong K Telok Kurau, 425746"
1854,THE VIEW @ MEYER,"46 Meyer Road, 437871"
1855,THE VILLAGE,"417 Pasir Panjang Road, 276955"
1856,THE VINES,"12 Lorong Sarina, 416736"
1857,THE VIRIDIAN,"6 Jalan Ampas, 329507"
1858,THE VISION,"73 West Coast Crescent, 12679"
1859,THE VISIONAIRE,"174 Canberra Drive, 767949"
1860,THE VUE,"355 Upper Paya Lebar Road, 534958"
1861,THE WARREN,"37 Choa Chu Kang Loop, 689675"
1862,THE WATER EDGE,"8 Lorong 38 Geylang, 398106"
1863,THE WATERGARDENS AT CANBERRA,"57 Canberra Drive, 76933"
1864,THE WATERINA,"51 Lorong 40 Geylang, 398075"
1865,THE WATERLINE,"161 Poh Huat Road West, 546692"
1866,THE WATERSIDE,"1 Tanjong Rhu Road, 436879"
1867,THE WINDSOR,"1 Ontario Avenue, 576189"
1868,THE WISTERIA,"590 Yishun Ring Road, 768694"
1869,THE WOODGROVE,"3 Woodgrove Drive, 73823"
1870,THE WOODLEIGH RESIDENCES,"19 Bidadari Park Drive, 367794"
1871,THE YARDLEY,"571 Upper Serangoon Road, 534798"
1872,THOMSON 800,"800 Thomson Road, 298144"
1873,THOMSON EURO-ASIA,"150 Thomson Road, 307605"
1874,THOMSON GRAND,"17 Sin Ming Walk, 573913"
1875,THOMSON IMPERIAL COURT,"200 Upper Thomson Road, 574424"
1876,THOMSON IMPRESSIONS,"1 Lorong Puntong, 576443"
1877,THOMSON MANSIONS,"374 Thomson Road, 298129"
1878,THOMSON PLAZA,"301 Upper Thomson Road, 574408"
1879,THOMSON THREE,"21 Bright Hill Drive, 573883"
1880,THOMSON V ONE,"9 Sin Ming Road, 57563"
1881,THOMSON V TWO,"11 Sin Ming Road, 575629"
1882,THOMSON VALE,"323 Thomson Road, 307666"
1883,THOMSON VIEW CONDOMINIUM,"1 Bright Hill Drive, 57958"
1884,THREE 11,"311 Upper Thomson Road, 574409"
1885,THREE BALMORAL,"3 Balmoral Road, 259785"
1886,THREE BUCKLEY,"3 Buckley Road, 309752"
1887,THREE THREE ROBIN,"33 Robin Road, 258208"
1888,TIANSO HEIGHTS,"30 Moulmein Rise, 308141"
1889,TIARA,"1 Kim Seng Walk, 239403"
1890,TIERRA VUE,"36 Saint Patrick's Road, 42416"
1891,TIONG BAHRU ESTATE,"1 Yong Siak Street, 169071"
1892,TIVOLI GRANDE,"126 Koon Seng Road, 427059"
1893,TIVOLI LODGE,"32 Lorong 31 Geylang, 388031"
1894,TOH YI COURT,"97 Toh Yi Drive, 596553"
1895,TOMLINSON HEIGHTS,"31 Tomlinson Road, 247855"
1896,TOP TEN,"134 Emerald Hill Road, 229414"
1897,TOPAZ MANSIONS,"2 Topaz Road, 327848"
1898,TORIE MANSIONS,"75 Everitt Road, 428618"
1899,TOWNHOUSE APARTMENTS,"139 Cavenagh Road, 229627"
1900,TRE RESIDENCES,"7 Geylang East Avenue 1, 389782"
1901,TREASURE AT TAMPINES,"55 Tampines Lane, 528458"
1902,TREASURE GARDENS,"22 Teow Hock Avenue, 545708"
1903,TREASURE LOFT,"115 Shrewsbury Road, 307856"
1904,TREASURE MANSIONS,"15 Rosyth Avenue, 546242"
1905,TREASURE ON BALMORAL,"5 Balmoral Road, 259786"
1906,TREASURE PLACE,"61 Lorong Sarhad, 119174"
1907,TREASURES @ G20,"35 Lorong 20 Geylang, 398751"
1908,TREE HOUSE,"60 Chestnut Avenue, 679517"
1909,TREESCAPE,"103 Lorong N Telok Kurau, 425259"
1910,TREETOPS EXECUTIVE RESIDENCES,"7 Orange Grove Road, 258355"
1911,TRELLIS TOWERS,"700 Lorong 1 Toa Payoh, 319773"
1912,TRENDALE TOWER,"79 Cairnhill Road, 229681"
1913,TRESALVEO,"7 Marymount Terrace, 573963"
1914,TREVISTA,"21 Lorong 3 Toa Payoh, 319581"
1915,TREVOSE PARK,"62 Trevose Crescent, 298063"
1916,TRIBECA,"60 Kim Seng Road, 239497"
1917,TRILIGHT,"7 Newton Road, 307945"
1918,TRILIVE,"115 Tampines Road, 533901"
1919,TROPICAL SPRING,"25 Simei Street 4, 529874"
1920,TROPICANA CONDOMINIUM,"2 Jalan Tiga Ratus, 488067"
1921,TROPICS @ HAIGSVILLE,"3 Haigsville Drive, 438702"
1922,TROPIKA EAST,"3 Foo Kim Lin Road, 419679"
1923,TURQUOISE,"51 Cove Drive, 98393"
1924,TWENTYONE ANGULLIA PARK,"21 Angullia Park, 239974"
1925,TWIN FOUNTAINS,"11 Woodlands Avenue 6, 738992"
1926,TWIN HEIGHTS,"350 Balestier Road, 329779"
1927,TWIN PEAKS,"33 Leonie Hill Road, 239233"
1928,TWIN REGENCY,"26 Kim Tian Road, 169277"
1929,TWIN VEW,"91 West Coast Vale, 126755"
1930,TWIN WATERFALLS,"108 Punggol Walk, 828764"
1931,TYRWHITT 139,"139 Tyrwhitt Road, 207557"
1932,UBER 388,"388 Upper East Coast Road, 466477"
1933,UNI BUILDING,"224 Telok Kurau Road, 423836"
1934,UNIT 8,"71 Holland Road, 258869"
1935,UNITED MANSIONS,"592 East Coast Road, 458996"
1936,UPPER SERANGOON ROAD,"1029 Upper Serangoon Road, 534164"
1937,URBAN EDGE @ HOLLAND V,"2 Ford Avenue, 268686"
1938,URBAN LOFTS,"89 Rangoon Road, 218375"
1939,URBAN RESIDENCES,"10 Lorong Ah Soo, 534051"
1940,URBAN RESORT CONDOMINIUM,"32 Cairnhill Road, 229657"
1941,URBAN SUITES,"1 Hullet Road, 229157"
1942,URBAN VISTA,"2 Tanah Merah Kechil Link, 465417"
1943,URBANA,"1 River Valley Close, 238427"
1944,VA RESIDENCES,"9 Boon Teck Road, 329583"
1945,VACANZA @ EAST,"36 Lengkong Tujoh, 417391"
1946,VALLEY APARTMENTS,"18 Tong Watt Road, 23801"
1947,VALLEY MANSION,"50 Oxley Road, 238636"
1948,VALLEY PARK,"473 River Valley Road, 248358"
1949,VANADIUM,"7 Hertford Road, 219405"
1950,VARSITY PARK CONDOMINIUM,"76 West Coast Road, 126826"
1951,VENEZIO,"488 Upper East Coast Road, 46652"
1952,VENTANA,"95 Pasir Panjang Hill, 118893"
1953,VENTUNO BALMORAL,"21 Balmoral Road, 259805"
1954,VENTURA VIEW,"16 Rambutan Road, 424292"
1955,VERANDA,"50 Lorong K Telok Kurau, 425666"
1956,VERDUN HOUSE,"6 Verdun Road, 207275"
1957,VERDURE,"55 Holland Road, 258865"
1958,VERSAILLES,"133 Hemmant Road, 438686"
1959,VERSILIA ON HAIG,"31 Ipoh Lane, 438639"
1960,VERTIS,"20 Amber Gardens, 439979"
1961,VIBES @ EAST COAST,"308 Telok Kurau Road, 423858"
1962,VIBES @ KOVAN,"93 Kovan Road, 548178"
1963,VIBES @ UPPER SERANGOON,"488 Upper Serangoon Road, 534521"
1964,VICENTA LODGE,"16 Lorong Marzuki, 417063"
1965,VICTORY 8,"8 Jalan Legundi, 759274"
1966,VICTORY HEIGHTS,"13 Kim Keat Road, 328842"
1967,VIDA,"5 Peck Hay Road, 228307"
1968,VIENTO,"29 Lorong 30 Geylang, 398362"
1969,VIIO @ BALESTIER,"520 Balestier Road, 329853"
1970,VILLA AZURA,"1 Cherry Avenue, 279871"
1971,VILLA CHANCERITA,"16 Chancery Hill Road, 309657"
1972,VILLA CHANCERY,"39 Chancery Lane, 309568"
1973,VILLA DE WEST,"385 Pasir Panjang Road, 118719"
1974,VILLA DELLE ROSE,"2 Taman Nakhoda, 257743"
1975,VILLA DES FLORES,"125 Whitley Road, 29782"
1976,VILLA MARINA,"21 Jalan Sempadan, 457398"
1977,VILLA MARTIA,"11 Martia Road, 424808"
1978,VILLAEA VISTA,"31 Oei Tiong Ham Park, 267036"
1979,VILLAGE @ PASIR PANJANG,"463 Pasir Panjang Road, 118797"
1980,VILLAGE TOWER,"35 Mount Sinai Rise, 276955"
1981,VILLAS LAGUNA,"366 Upper East Coast Road, 466472"
1982,VILLE ROYALE,"310 River Valley Road, 238351"
1983,VINA LODGE,"22 Sirat Road, 545779"
1984,VISTA GARDEN,"1 Toh Tuck Rise, 596751"
1985,VISTA PARK,"50 South Buona Vista Road, 118167"
1986,VISTA RESIDENCES,"26 Jalan Datoh, 329425"
1987,VITRA,"170 Tembeling Road, 423679"
1988,VIVA,"2 Suffolk Walk, 307462"
1989,VIVA VISTA,"3 South Buona Vista Road, 118136"
1990,VIVACE,"19 Tong Watt Road, 238011"
1991,VIZ AT HOLLAND,"221 Queensway, 27675"
1992,VOGX,"109 Dorset Road, 219498"
1993,VOLARI,"12 Balmoral Road, 25982"
1994,VUE 8 RESIDENCE,"83 Pasir Ris Heights, 519283"
1995,WAI WING CENTRE,"501 Balestier Road, 329844"
1996,WAN THO LODGE,"25 Wan Tho Avenue, 347554"
1997,WANG LODGE,"5 Lorong 4 Geylang, 399264"
1998,WARNER COURT,"110 Holland Avenue, 278966"
1999,WATERBANK AT DAKOTA,"70 Dakota Crescent, 399941"
2000,WATERBAY,"43 Edgefield Plains, 828709"
2001,WATERCOLOURS,"25 Pasir Ris Link, 51815"
2002,WATERFALL GARDENS,"8 Farrer Road, 26882"
2003,WATERFORD RESIDENCE,"21 Kim Yam Road, 239332"
2004,WATERFRONT @ FABER,"18 Faber Walk, 128978"
2005,WATERFRONT GOLD,"750 Bedok Reservoir Road, 479256"
2006,WATERFRONT ISLE,"730 Bedok Reservoir Road, 479261"
2007,WATERFRONT KEY,"770 Bedok Reservoir Road, 47925"
2008,WATERFRONT WAVES,"760 Bedok Reservoir Road, 479245"
2009,WATERSCAPE AT CAVENAGH,"65 Cavenagh Road, 229619"
2010,WATERVIEW,"79 Tampines Avenue 1, 528684"
2011,WATERWOODS,"15 Punggol Field Walk, 828746"
2012,WEMBLY RESIDENCES,"28 Yio Chu Kang Road, 545678"
2013,WEST BAY CONDOMINIUM,"50 West Coast Crescent, 128035"
2014,WESTCOVE CONDOMINIUM,"10 West Coast Crescent, 128041"
2015,WESTERHOUT ROAD,"2 Westerhout Road, 397643"
2016,WESTMERE,"71 Jurong East Street 13, 60965"
2017,WESTPEAK,"204 West Coast Road, 127384"
2018,WESTPOINT CONDOMINIUM,"3 Pepys Road, 118442"
2019,WESTWOOD RESIDENCES,"180 Westwood Avenue, 648145"
2020,WHITE HOUSE RESIDENCES,"67 Stevens Road, 257855"
2021,WHITESCAPE,"88 Lorong N Telok Kurau, 425239"
2022,WHITEWATER,"21 Pasir Ris Street 72, 518764"
2023,WILKIE APARTMENTS,"59 Wilkie Road, 228064"
2024,WILKIE REGENCY,"10 Wilkie Terrace, 22803"
2025,WILLYN VILLE,"1 Holland Avenue, 278965"
2026,WINDY HEIGHTS,"80 Jalan Daud, 419591"
2027,WING FONG COURT,"10 Lorong 14 Geylang, 398922"
2028,WING FONG MANSIONS,"12 Lorong 14 Geylang, 398924"
2029,WING ON LIFE GARDEN,"335 Bukit Timah Road, 259718"
2030,WOO MON CHEW COURT,"2 Woo Mon Chew Road, 455056"
2031,WOODGROVE CONDOMINIUM,"2 Woodgrove Drive, 738207"
2032,WOODHAVEN,"71 Woodgrove Avenue, 737808"
2033,WOODSVALE,"1 Woodlands Drive 72, 738089"
2034,WOODSVILLE 28,"26 Woodsville Close, 357774"
2035,WOODSVILLE CLOSE,"19 Woodsville Close, 35777"
2036,WOODSVILLE MANSIONS,"12 Woodsville Close, 357768"
2037,WORTHINGTON,"35 Butterworth Lane, 439443"
2038,YELEY BUILDING,"730 Upper Serangoon Road, 534613"
2039,YEWTEE RESIDENCES,"23 Choa Chu Kang North 6, 689579"
2040,YGK GARDEN,"2 Belmont Road, 269854"
2041,YIKAI COURT,"371 Upper Paya Lebar Road, 534969"
2042,YINCHUAN BUILDING,"2 Lorong 29 Geylang, 388058"
2043,YIO CHU KANG ROAD,"1 Yio Chu Kang Road, 545506"
2044,YISHUN EMERALD,"20 Canberra Drive, 768425"
2045,YISHUN SAPPHIRE,"40 Canberra Drive, 768433"
2046,YONG AN PARK,"325 River Valley Road, 238357"
2047,YONG SIAK COURT,"11 Yong Siak Street, 168646"
2048,YONG SIAK STREET,"14 Yong Siak Street, 168648"
2049,YONG SIAK VIEW,"19 Yong Siak Street, 16865"
2050,ZEDGE,"2 Akyab Road, 309973"
2051,ZENITH,"60 Zion Road, 247785"
2052,ZION ROAD,"12 Zion Road, 247731"
2053,ZYANYA,"8 Lorong 25a Geylang, 388222"
